"STNID","TYPE","longitude","latitude","avg_PM2.5"
"1001A","PM2.5",116.3621,39.8784,36.5353719208834
"1002A","PM2.5",116.2202,40.2915,31.3274077681724
"1003A","PM2.5",116.4174,39.9289,37.1764990914597
"1004A","PM2.5",116.4072,39.8863,35.4210462287105
"1005A","PM2.5",116.462,39.9365,36.6274966303149
"1006A","PM2.5",116.3392,39.9295,36.8632760092694
"1007A","PM2.5",116.2878,39.9611,35.5339817629179
"1008A","PM2.5",116.6636,40.135,35.8115942028985
"1009A","PM2.5",116.6275,40.3275,33.0099732425201
"1010A","PM2.5",116.2296,40.217,33.7016945020115
"1011A","PM2.5",116.3966,39.9821,36.7946851110302
"1012A","PM2.5",116.184,39.9136,37.3734691402934
"1013A","PM2.5",117.151,39.097,NA
"1014A","PM2.5",117.193,39.173,NA
"1015A","PM2.5",117.1444,39.1661,42.2692448456752
"1016A","PM2.5",117.184,39.1205,NA
"1017A","PM2.5",117.237,39.1082,40.6763909404234
"1018A","PM2.5",117.202,39.0927,39.190036900369
"1019A","PM2.5",117.1837,39.2133,43.4868002933268
"1020A","PM2.5",117.269,39.1337,NA
"1021A","PM2.5",117.307,39.0877,41.3057309072905
"1022A","PM2.5",117.221,39.06,NA
"1023A","PM2.5",117.707,39.0343,40.0835780714635
"1024A","PM2.5",117.457,38.8394,40.5930076745036
"1025A","PM2.5",117.401,39.124,NA
"1026A","PM2.5",117.764,39.1587,37.9382579933848
"1027A","PM2.5",117.157,38.9194,38.990539378302
"1028A","PM2.5",114.5637,38.0549,NA
"1029A","PM2.5",114.4422,38.0444,49.9561589239009
"1030A","PM2.5",114.6063,38.0266,47.4167082294264
"1031A","PM2.5",114.4898,38.1328,47.8145638245441
"1032A","PM2.5",114.4586,38.0058,49.05712890625
"1033A","PM2.5",114.5331,38.0178,47.4450987608882
"1034A","PM2.5",114.509,38.0457,50.6024375380865
"1035A","PM2.5",114.3524,37.8911,39.8620816027364
"1036A","PM2.5",118.1662,39.6308,NA
"1037A","PM2.5",118.131,39.6363,43.3186232329441
"1038A","PM2.5",118.1725,39.6334,43.3511356660528
"1039A","PM2.5",118.2185,39.6679,NA
"1040A","PM2.5",118.1705,39.6506,50.0125950866692
"1041A","PM2.5",118.1869,39.622,41.7127281636653
"1042A","PM2.5",119.5134,39.8207,33.7057954964932
"1043A","PM2.5",119.7493,40.0116,38.707676664972
"1044A","PM2.5",119.5897,39.9499,37.3982655966865
"1045A","PM2.5",NA,NA,NA
"1046A","PM2.5",119.5251,39.9041,35.2809927509522
"1047A","PM2.5",114.5129,36.61763,25
"1048A","PM2.5",114.5302,36.6116,48.0878765247697
"1049A","PM2.5",114.4918,36.5713,48.6767990074442
"1050A","PM2.5",114.484,36.6133,45.9273111332008
"1051A","PM2.5",115.493,38.8632,45.3695093600881
"1052A","PM2.5",115.5213,38.8959,44.3377008652658
"1053A","PM2.5",115.4713,38.9108,42.6687252964427
"1054A","PM2.5",115.4612,38.8416,44.7555922724962
"1055A","PM2.5",115.4323,38.8697,42.1222826086956
"1056A","PM2.5",115.5086,38.8639,40.9234631398482
"1057A","PM2.5",114.8883,40.8336,26.3015187060131
"1058A","PM2.5",114.892,40.79481,NA
"1059A","PM2.5",114.8687,40.8042,28.1213670949233
"1060A","PM2.5",114.8902,40.762,32.6556790596653
"1061A","PM2.5",114.8916,40.8661,29.0793967343886
"1062A","PM2.5",117.9531,40.9081,31.9114754098361
"1063A","PM2.5",117.9392,40.9763,30.7374404107077
"1064A","PM2.5",117.9503,40.928,30.2046091940007
"1065A","PM2.5",117.8051,40.9655,31.1930235585058
"1066A","PM2.5",117.9268,41.0026,33.1107985813868
"1067A","PM2.5",116.6708,39.5111,40.7906066536204
"1068A","PM2.5",116.7214,39.5589,37.6822510822511
"1069A","PM2.5",116.715,39.5571,NA
"1070A","PM2.5",116.7244,39.5269,39.1138403990025
"1071A","PM2.5",116.8842,38.2991,42.2164105106594
"1072A","PM2.5",116.8584,38.3254,39.6945124938755
"1073A","PM2.5",116.8709,38.3228,41.4238159344022
"1074A","PM2.5",115.6838,37.7541,40.814479638009
"1075A","PM2.5",115.6303,37.7316,45.1376785060417
"1076A","PM2.5",115.6906,37.739,NA
"1077A","PM2.5",114.4704,37.0886,42.8090389868388
"1078A","PM2.5",114.5062,37.0349,44.1804142664542
"1079A","PM2.5",114.5237,37.0851,48.387027437097
"1080A","PM2.5",114.4725,37.0719,46.1485475072942
"1081A","PM2.5",112.5139,37.8873,46.558862998658
"1082A","PM2.5",112.573,37.9103,NA
"1083A","PM2.5",112.434,38.0108,37.5169314123876
"1084A","PM2.5",112.469,37.7124,51.5391581008321
"1085A","PM2.5",112.5583,37.7394,51.9546686375955
"1086A","PM2.5",112.5369,37.8692,46.9899963401244
"1087A","PM2.5",112.57,37.8195,49.1268674993877
"1088A","PM2.5",112.549,37.9854,43.0201440605543
"1089A","PM2.5",112.4701,37.782,NA
"1090A","PM2.5",111.6507,40.7517,37.5612333706328
"1091A","PM2.5",111.6572,40.8033,34.173174662204
"1092A","PM2.5",111.659,40.8452,NA
"1093A","PM2.5",111.608,40.8144,NA
"1094A","PM2.5",111.7516,40.8369,33.103683148335
"1095A","PM2.5",111.7276,40.8062,29.189357560026
"1096A","PM2.5",111.5512,40.7866,34.8331888544892
"1097A","PM2.5",111.717,40.7612,36.8855474089723
"1098A","PM2.5",123.6836,41.9339,34.472049689441
"1099A","PM2.5",123.505,41.7406,41.1274234849409
"1100A","PM2.5",123.4231,41.6989,36.958521410272
"1101A","PM2.5",123.284,41.7694,NA
"1102A","PM2.5",123.5903,41.8411,35.7147952281392
"1103A","PM2.5",123.4264,41.8467,35.344089964552
"1104A","PM2.5",123.4114,41.7653,40.4357038480273
"1105A","PM2.5",123.4678,41.7867,35.6615776081425
"1106A","PM2.5",123.4017,41.7972,39.9969564158753
"1107A","PM2.5",123.3606,41.7806,NA
"1108A","PM2.5",123.3783,41.9228,38.4581668482867
"1109A","PM2.5",121.612,38.9741,29.8577324593348
"1110A","PM2.5",121.565,38.9511,30.2029091798069
"1111A","PM2.5",121.5637,38.8845,29.1019069597959
"1112A","PM2.5",121.6302,38.9117,29.7006802721088
"1113A","PM2.5",121.6251,38.8638,25.7609301198983
"1114A","PM2.5",121.5213,38.8661,26.8302093476144
"1115A","PM2.5",121.2529,38.8061,25.791686922703
"1116A","PM2.5",121.7485,39.1311,31.6307748272099
"1117A","PM2.5",121.7811,39.0496,30.9776851397744
"1118A","PM2.5",121.9762,39.0631,25.0267008046818
"1119A","PM2.5",125.3325,43.9166,36.5663069098127
"1120A","PM2.5",125.2863,43.9027,31.3300528970353
"1121A","PM2.5",125.2841,43.8463,36.1187616099071
"1122A","PM2.5",125.3716,43.8772,30.8563589806121
"1123A","PM2.5",125.3297,43.8805,27.3761479123301
"1124A","PM2.5",125.4605,43.79,23.8637481554353
"1125A","PM2.5",125.7194,43.515,30.0753233578494
"1126A","PM2.5",125.3863,43.8447,30.558335367342
"1127A","PM2.5",125.245,43.7783,34.2891173520562
"1128A","PM2.5",125.1761,43.8325,32.9905125677674
"1129A","PM2.5",126.5422,45.755,31.5995052566481
"1130A","PM2.5",126.561,45.8167,31.5669252555104
"1131A","PM2.5",126.979,45.5419,35.5338867550489
"1132A","PM2.5",126.599,45.7222,NA
"1133A","PM2.5",126.689,45.7733,34.9087745463584
"1134A","PM2.5",126.635,45.7667,32.8892857142857
"1135A","PM2.5",126.685,45.7319,38.9600298841987
"1136A","PM2.5",126.6411,45.7258,36.8335280373832
"1137A","PM2.5",126.593,45.7478,38.378530334728
"1138A","PM2.5",126.615,45.61,36.2095713589868
"1139A","PM2.5",126.595,45.9855,34.9277278562259
"1140A","PM2.5",126.6206,45.6842,39.3178883402962
"1141A","PM2.5",121.4,31.238,27.5793980280228
"1142A","PM2.5",121.478,31.2036,28.5673617180672
"1143A","PM2.5",121.467,31.3008,27.0115720792811
"1144A","PM2.5",121.412,31.1654,28.2610235739587
"1145A","PM2.5",121.536,31.2659,26.9618094178717
"1146A","PM2.5",120.978,31.0935,28
"1147A","PM2.5",121.425,31.2261,28.0266455773208
"1148A","PM2.5",121.703,31.1907,25.684984423676
"1149A","PM2.5",121.533,31.2284,27.091887923651
"1150A","PM2.5",121.577,31.2071,28.4263480392157
"1151A","PM2.5",118.8086,32.1065,29.2343074968234
"1152A","PM2.5",118.7538,32.0551,26.63058203713
"1153A","PM2.5",118.7794,32.0745,32.0462456489309
"1154A","PM2.5",118.7752,32.0023,27.2905584268247
"1155A","PM2.5",118.8109,32.0309,31.5558566325902
"1156A","PM2.5",118.7997,32.0754,30.0961799975275
"1157A","PM2.5",118.6414,32.0931,24.9472411831627
"1158A","PM2.5",118.7356,31.9996,32.8715221961172
"1159A","PM2.5",118.9125,32.1028,27.521246105919
"1160A","PM2.5",120.561,31.2472,29.9097437167265
"1161A","PM2.5",120.628,31.2864,31
"1162A","PM2.5",120.591,31.3019,28.2187806072478
"1163A","PM2.5",120.596,31.3264,27.0056832221399
"1164A","PM2.5",120.613,31.2703,29.8437033349925
"1165A","PM2.5",120.543,31.2994,30.2830514751265
"1166A","PM2.5",120.669,31.3097,25.8653235653236
"1167A","PM2.5",120.641,31.3708,29.6789013425299
"1168A","PM2.5",120.9098,31.9663,32.2896560413254
"1169A","PM2.5",120.86,32.0005,31.3244102187997
"1170A","PM2.5",120.87,32.02,28.8570904645477
"1171A","PM2.5",120.94,31.93,30.7796401281735
"1172A","PM2.5",120.81,32.0417,30.5244267198405
"1173A","PM2.5",119.176,34.5885,36.9171153123826
"1174A","PM2.5",119.141,34.5896,NA
"1175A","PM2.5",119.368,34.7507,NA
"1176A","PM2.5",119.348,34.6984,NA
"1177A","PM2.5",117.179,34.2761,45.0049401012721
"1178A","PM2.5",117.1918,34.2384,41.9370283310652
"1179A","PM2.5",117.192,34.3083,NA
"1180A","PM2.5",117.256,34.2153,42.9402307314678
"1181A","PM2.5",117.244,34.2911,42.7369251304453
"1182A","PM2.5",117.2933,34.2778,43.1617121006538
"1183A","PM2.5",117.166,34.1806,NA
"1184A","PM2.5",119.46,32.3878,NA
"1185A","PM2.5",119.404,32.41,NA
"1186A","PM2.5",119.389,32.3761,34.2653780695356
"1187A","PM2.5",119.439,32.4033,NA
"1188A","PM2.5",120.269,31.4867,25.3342065868263
"1189A","PM2.5",120.275,31.6219,30.5200348432056
"1190A","PM2.5",120.294,31.56,28.5467059980334
"1191A","PM2.5",120.242,31.5031,25.3835854202827
"1192A","PM2.5",120.3489,31.5863,29.6632446134347
"1193A","PM2.5",120.354,31.5475,30.37099430019
"1194A","PM2.5",120.245,31.5631,30.5391188251001
"1195A","PM2.5",120.299,31.6817,30.898527607362
"1196A","PM2.5",119.9633,31.762,33.5135735439289
"1197A","PM2.5",119.933,31.7786,NA
"1198A","PM2.5",119.962,31.8089,NA
"1199A","PM2.5",120.0393,31.7638,NA
"1200A","PM2.5",119.9468,31.7069,37.250213596973
"1201A","PM2.5",119.9255,31.9087,38.6800785083415
"1202A","PM2.5",NA,NA,NA
"1203A","PM2.5",119.6707,32.1875,34.6496116385156
"1204A","PM2.5",119.4974,32.1968,36.4214046822743
"1205A","PM2.5",119.4303,32.1328,39.9232856438086
"1206A","PM2.5",119.905,32.4878,34.3701451793026
"1207A","PM2.5",119.9189,32.4625,34.6696517412935
"1208A","PM2.5",119.882,32.303,NA
"1209A","PM2.5",119.888,32.4639,32.682364483689
"1210A","PM2.5",119.036,33.5981,38.6239731142644
"1211A","PM2.5",119.007,33.575,36.4522316488381
"1212A","PM2.5",118.989,33.6067,35.6958598726115
"1213A","PM2.5",119.135,33.5039,37.744944795931
"1214A","PM2.5",119.0186,33.6297,37.8532435740514
"1215A","PM2.5",120.118,33.4022,31.3819990176817
"1216A","PM2.5",120.156,33.3942,28.7267671774592
"1217A","PM2.5",120.129,33.3719,NA
"1218A","PM2.5",120.2144,33.38,27.8387177560731
"1219A","PM2.5",118.2658,33.96,NA
"1220A","PM2.5",118.293,33.9528,37.3231187445941
"1221A","PM2.5",118.2442,33.9592,36.8187243565834
"1222A","PM2.5",118.3214,33.9506,NA
"1223A","PM2.5",120.2072,30.2111,27.602858538969
"1224A","PM2.5",120.0633,30.2747,26.2742898939412
"1225A","PM2.5",119.026,29.635,13
"1226A","PM2.5",120.3461,30.3153,27.790303030303
"1227A","PM2.5",120.1269,30.2456,27.3274669255978
"1228A","PM2.5",120.1903,30.2692,25.0570137956293
"1229A","PM2.5",120.157,30.2897,36
"1230A","PM2.5",120.1197,30.3119,29.2205003050641
"1231A","PM2.5",120.3019,30.4183,26.5499147796445
"1232A","PM2.5",120.2697,30.1819,30.7284946236559
"1233A","PM2.5",120.0883,30.1808,21.5364691508858
"1234A","PM2.5",121.8358,29.911,18.9914644555542
"1235A","PM2.5",121.56,29.82,22.6862244897959
"1236A","PM2.5",121.713,29.9572,18.8564319482458
"1237A","PM2.5",121.554,29.8906,NA
"1238A","PM2.5",121.615,29.9017,NA
"1239A","PM2.5",121.633,29.7733,20.8015931372549
"1240A","PM2.5",121.5856,29.8635,22.6073349633252
"1241A","PM2.5",121.524,29.8674,19.7052334844957
"1242A","PM2.5",120.634,28.0089,26.6533526991043
"1243A","PM2.5",120.6748,27.9939,26.3019603068306
"1244A","PM2.5",120.76,27.9747,23.2306107610276
"1245A","PM2.5",120.6709,28.0167,23.3748619123604
"1246A","PM2.5",120.598,30.0911,60
"1247A","PM2.5",120.6053,29.9928,27.3292016040831
"1248A","PM2.5",120.576,30.007,NA
"1249A","PM2.5",120.1,30.8867,NA
"1250A","PM2.5",120.0751,30.8669,24.0884461183331
"1251A","PM2.5",120.093,30.8617,NA
"1252A","PM2.5",120.7436,30.778,24.7282926829268
"1253A","PM2.5",120.726,30.7478,26.7293617021277
"1254A","PM2.5",NA,NA,NA
"1255A","PM2.5",121.273,28.6459,19.2077140400442
"1256A","PM2.5",121.419,28.6542,22.7635176000968
"1257A","PM2.5",121.377,28.5773,25.138389083444
"1258A","PM2.5",122.122,30.0203,15.0217205613179
"1259A","PM2.5",122.3094,29.9558,15.2253813300793
"1260A","PM2.5",122.19,29.9944,14.1930272108844
"1261A","PM2.5",119.649,29.1131,NA
"1262A","PM2.5",119.647,29.077,28.8953218517161
"1263A","PM2.5",119.686,29.1029,27.2340346534653
"1264A","PM2.5",118.8692,28.9398,26.2075057877422
"1265A","PM2.5",118.8709,28.9666,23.7911500121566
"1266A","PM2.5",118.8621,28.9808,22.7489392653655
"1267A","PM2.5",119.914,28.4514,21.8281652163255
"1268A","PM2.5",119.93,28.4586,20.0951858622791
"1269A","PM2.5",119.879,28.4231,20.1185933408156
"1270A","PM2.5",117.1959,31.7848,32.4924102184376
"1271A","PM2.5",117.3072,31.8764,33.2177237402858
"1272A","PM2.5",117.2588,31.8707,32.5275938189845
"1273A","PM2.5",117.1604,31.9052,27.8375
"1274A","PM2.5",117.25,31.8571,30.4892486406327
"1275A","PM2.5",117.266,31.9436,32.8034726688103
"1276A","PM2.5",117.336,31.8586,33.9857738533235
"1277A","PM2.5",117.3027,31.7964,35.2607931726908
"1278A","PM2.5",117.2776,31.7385,31.6724268415742
"1279A","PM2.5",117.1318,31.8403,34.1217166111728
"1280A","PM2.5",119.3903,26.0543,15.2368453330063
"1281A","PM2.5",119.414,26.0258,NA
"1282A","PM2.5",119.2681,26.0504,21.8809436048655
"1283A","PM2.5",119.2984,26.1028,18.894942584901
"1284A","PM2.5",119.2648,26.0768,18.9997524446095
"1285A","PM2.5",119.317,26.0746,21.1859906435706
"1286A","PM2.5",118.1608,24.8169,17.0289225422046
"1287A","PM2.5",118.1514,24.4767,21.0788421945016
"1288A","PM2.5",118.0661,24.4444,17.8370145631068
"1290A","PM2.5",115.8931,28.6843,30.805270863836
"1291A","PM2.5",115.8886,28.7003,30.6794618612688
"1292A","PM2.5",115.8126,28.7442,29.7774929818137
"1293A","PM2.5",115.973,28.6969,NA
"1294A","PM2.5",115.8518,28.687,30.7660156735912
"1295A","PM2.5",115.8921,28.6424,26.5887116564417
"1296A","PM2.5",115.7423,28.7996,19.7902621722846
"1297A","PM2.5",115.912,28.6131,NA
"1298A","PM2.5",115.9314,28.6842,32.8628313179431
"1299A","PM2.5",116.9862,36.6114,39.3337867919861
"1300A","PM2.5",116.9376,36.665,38.2666666666667
"1301A","PM2.5",117.1265,36.6734,39.052431237721
"1302A","PM2.5",116.989,36.6872,NA
"1303A","PM2.5",117.0624,36.6868,46.4042526888367
"1304A","PM2.5",116.9489,36.6447,46.8838999358563
"1305A","PM2.5",117.0495,36.663,39.2748826870832
"1306A","PM2.5",116.7675,36.5484,44.3895507570117
"1307A","PM2.5",120.6659,36.2403,28.7977932060501
"1308A","PM2.5",120.3905,36.1851,NA
"1309A","PM2.5",120.3471,36.0699,42
"1310A","PM2.5",120.4134,36.0658,27.8738449691992
"1311A","PM2.5",120.3664,36.1032,33.6021144278607
"1312A","PM2.5",120.2994,36.054,27.0911330049261
"1313A","PM2.5",120.4581,36.0858,27.1121651070376
"1314A","PM2.5",120.1983,35.9608,30.6523710329616
"1315A","PM2.5",120.3999,36.3083,27.4663704800691
"1316A","PM2.5",113.69031,34.76122,44.2903426017875
"1317A","PM2.5",113.65724,34.77134,43.4008097165992
"1318A","PM2.5",113.67526,34.80246,42.5410438617986
"1319A","PM2.5",113.56746,34.81334,42.1278379772962
"1320A","PM2.5",113.7329,34.7178,43.7198677119059
"1321A","PM2.5",113.73961,34.77172,44.6983698982718
"1322A","PM2.5",113.60532,34.74838,46.5327551701134
"1323A","PM2.5",113.64164,34.7525,43.5284415584416
"1324A","PM2.5",113.51488,34.91089,41.8515645203
"1325A","PM2.5",114.3677,30.5584,37.1497797356828
"1326A","PM2.5",114.2529,30.558,33.4841976815131
"1327A","PM2.5",114.282,30.6189,36.2218931260027
"1328A","PM2.5",114.3025,30.5332,35.4967201166181
"1329A","PM2.5",114.3646,30.6217,43.1169991433117
"1330A","PM2.5",114.1566,30.4825,40.4030705495309
"1331A","PM2.5",114.3014,30.5944,36.1981476968072
"1332A","PM2.5",114.3894,30.4822,NA
"1333A","PM2.5",114.135,30.6319,35.7262092534175
"1334A","PM2.5",113.8454,30.2917,26.6956890288205
"1335A","PM2.5",113.0833,28.2325,44.9975372491073
"1336A","PM2.5",112.8872,28.2189,42.5378077740282
"1337A","PM2.5",113.0792,28.2053,44.5252214566929
"1338A","PM2.5",112.9394,28.19,42.5909316770186
"1339A","PM2.5",113.0178,28.1322,39.2313637496884
"1340A","PM2.5",112.9792,28.2597,42.7293944232895
"1341A","PM2.5",113.0014,28.1944,43.4286063271039
"1342A","PM2.5",112.9844,28.1178,39.1401007742411
"1343A","PM2.5",112.8908,28.1308,40.4689765327436
"1344A","PM2.5",112.9581,28.3611,36.9237193069924
"1345A","PM2.5",113.2347,23.1423,27.5807077072225
"1346A","PM2.5",113.2612,23.105,27.0119468487139
"1347A","PM2.5",NA,NA,NA
"1348A","PM2.5",113.3478,23.0916,24.2805429864253
"1349A","PM2.5",113.4332,23.1047,23.3636252595578
"1350A","PM2.5",113.3505,22.9483,23.5167051391083
"1351A","PM2.5",113.2146,23.3916,24.8779603673272
"1352A","PM2.5",113.2597,23.1331,25.7161835748792
"1353A","PM2.5",113.5618,23.312,24.7639652854174
"1354A","PM2.5",113.2765,23.1544,23.3941297258123
"1355A","PM2.5",113.443,23.3035,20.306602059358
"1356A","PM2.5",114.1063,22.5545,18.2112182296231
"1357A","PM2.5",114.117,22.5625,18.6003277035543
"1358A","PM2.5",113.987,22.5417,18.5995534541634
"1359A","PM2.5",113.9181,22.5171,20.3541017653167
"1360A","PM2.5",114.2458,22.5689,15.125748502994
"1361A","PM2.5",114.2283,22.7244,18.9372978352824
"1362A","PM2.5",113.8953,22.5861,22
"1363A","PM2.5",114.494,22.5422,13.4437476001536
"1364A","PM2.5",114.41,22.6342,15.1728518057285
"1365A","PM2.5",114.297,22.5978,15.4943032427695
"1366A","PM2.5",114.0678,22.738,23.5229436172809
"1367A","PM2.5",113.5814,22.2618,16.7590037846417
"1368A","PM2.5",113.4881,22.2335,17.4473619931607
"1369A","PM2.5",113.628,22.4251,19.6304488423231
"1370A","PM2.5",113.299,22.2281,20.5523972184946
"1371A","PM2.5",113.1294,23.0067,21.6584562858188
"1372A","PM2.5",113.1083,23.0478,24.5165264056592
"1373A","PM2.5",113.144,23.0453,24.6974749305304
"1374A","PM2.5",113.2881,22.8094,21.9607893388006
"1375A","PM2.5",113.2544,22.7642,16.5
"1376A","PM2.5",112.8383,22.8678,22.5469633636587
"1377A","PM2.5",112.8836,23.1588,27.6711547792334
"1378A","PM2.5",112.867,23.185,21.5535267633817
"1379A","PM2.5",113.3769,22.5211,21.1765346894297
"1380A","PM2.5",113.3881,22.5497,20.8638644918444
"1381A","PM2.5",113.4075,22.5111,18.9928624169333
"1382A","PM2.5",113.4411,22.4853,16.6730436929153
"1383A","PM2.5",113.1064,22.6058,19.3867604267701
"1384A","PM2.5",113.0731,22.5835,22.9418477601068
"1385A","PM2.5",113.0219,22.5311,20.9806087383407
"1386A","PM2.5",113.0828,22.5947,21.5662956690056
"1387A","PM2.5",113.7875,23.0457,12
"1388A","PM2.5",113.7533,23.0202,11
"1389A","PM2.5",113.7547,23.0494,23.2559494900437
"1390A","PM2.5",113.7944,23.0128,20.3019261440314
"1391A","PM2.5",113.7383,22.9658,24.1977736549165
"1392A","PM2.5",114.4183,23.0528,20.9150085973962
"1393A","PM2.5",114.4053,23.0822,20.3714706604468
"1394A","PM2.5",114.4103,23.1142,22.0904123199205
"1395A","PM2.5",114.4645,22.7833,18.3888671620388
"1396A","PM2.5",114.5317,22.7422,16.830193295816
"1397A","PM2.5",112.4267,23.0706,23.5650048875855
"1398A","PM2.5",112.4645,23.0475,23.1228388344819
"1399A","PM2.5",112.5544,23.1522,21.4802967647774
"1400A","PM2.5",112.4753,23.1,21.807056501357
"1401A","PM2.5",108.3103,22.7881,26.9497666421027
"1402A","PM2.5",108.3141,22.8528,29.7834799608993
"1403A","PM2.5",108.3206,22.8225,27.8832357247438
"1404A","PM2.5",108.3829,22.8037,27.1258544921875
"1405A","PM2.5",108.4394,22.7904,26.4579246882189
"1406A","PM2.5",108.2397,22.8467,25.1986007119185
"1407A","PM2.5",108.3275,22.735,28.7457481952771
"1408A","PM2.5",108.2257,22.7757,28.9398683066219
"1409A","PM2.5",110.576,19.9507,13.7322160148976
"1410A","PM2.5",110.3232,20.0574,14.2615869934482
"1411A","PM2.5",110.283,20.0053,15.4019619716604
"1412A","PM2.5",110.338,19.9969,13.2712895377129
"1413A","PM2.5",110.33,20.0356,13.5536709474194
"1414A","PM2.5",106.3787,29.8279,25.4671224362958
"1415A","PM2.5",106.46,29.5736,NA
"1416A","PM2.5",106.4213,29.8253,33.9762762389765
"1417A","PM2.5",106.6263,29.7228,33.1554144793066
"1418A","PM2.5",106.2953,29.5983,34.5943799633476
"1419A","PM2.5",106.5777,29.5102,36.9098701934852
"1420A","PM2.5",106.6556,29.6277,32.2196313026492
"1421A","PM2.5",106.6349,29.4906,34.7333251893477
"1422A","PM2.5",106.3754,29.4572,33.4611704085388
"1423A","PM2.5",106.571,29.5642,NA
"1424A","PM2.5",106.512,29.5164,NA
"1425A","PM2.5",106.6205,29.7166,33.9891357421875
"1426A","PM2.5",106.4782,29.4875,34.966796875
"1427A","PM2.5",106.5616,29.6453,31.670666013712
"1428A","PM2.5",106.4522,29.7091,34.7271283742519
"1429A","PM2.5",106.5093,29.3917,37.0338756677999
"1430A","PM2.5",106.591,29.4272,NA
"1431A","PM2.5",103.9728,30.7236,43.8834280069153
"1432A","PM2.5",104.1419,30.6764,41.3960141826629
"1433A","PM2.5",104.0594,30.5767,39.594719552257
"1434A","PM2.5",104.1122,30.6306,40.9041012534988
"1435A","PM2.5",104.074,30.685,NA
"1436A","PM2.5",104.026,30.6544,NA
"1437A","PM2.5",104.0431,30.6556,43.4622722269781
"1438A","PM2.5",103.6202,31.0201,30.1237604636188
"1439A","PM2.5",106.6899,26.5998,21.233174008526
"1440A","PM2.5",106.6971,26.5694,21.7128862094951
"1441A","PM2.5",106.6243,26.6266,20.6514471057884
"1442A","PM2.5",106.7487,26.6343,30.1719534598898
"1443A","PM2.5",106.6555,26.4365,22.9892620801598
"1444A","PM2.5",106.694,26.5161,25.4096965210955
"1445A","PM2.5",106.7109,26.6027,25.869003923554
"1446A","PM2.5",106.7164,26.5699,24.7493818001978
"1447A","PM2.5",106.674,26.5424,20.3866649668536
"1449A","PM2.5",102.743,25.0124,NA
"1450A","PM2.5",102.8204,24.8886,22.3650329188003
"1451A","PM2.5",102.6251,24.9608,18.2861342479177
"1452A","PM2.5",102.7252,25.0902,25.1216384462151
"1453A","PM2.5",102.7266,25.0375,23.4450190863194
"1454A","PM2.5",102.6742,25.0669,26.6678850516763
"1455A","PM2.5",102.6644,25.0401,25.3052361145094
"1456A","PM2.5",91.1319,29.6514,10.4912530776208
"1457A","PM2.5",91.1221,29.6747,10.9933600601353
"1458A","PM2.5",91.0874,29.6475,8.68331044813382
"1459A","PM2.5",91.1774,29.6541,7.76301456618113
"1460A","PM2.5",90.9798,29.6588,12.7683288236052
"1461A","PM2.5",91.0834,29.6292,7.45327891922319
"1462A","PM2.5",108.882,34.2749,45.2008071419836
"1463A","PM2.5",108.993,34.2629,40.897370030581
"1464A","PM2.5",109.06,34.2572,40.9766195811008
"1465A","PM2.5",108.9356,34.2173,40.6284739151633
"1466A","PM2.5",108.954,34.2713,40.8002463054187
"1467A","PM2.5",108.8922,34.2322,44.2736465655445
"1468A","PM2.5",108.935,34.3474,43.7508971661923
"1469A","PM2.5",108.906,34.1546,40.4811286185416
"1470A","PM2.5",109.2,34.6575,81
"1471A","PM2.5",109.2186,34.3731,39.9569471624266
"1472A","PM2.5",108.869,34.378,45.7291483205435
"1473A","PM2.5",108.985,34.1978,38.074963432472
"1474A","PM2.5",109.051,34.3213,40.5214910150559
"1475A","PM2.5",103.7222,36.0812,NA
"1476A","PM2.5",103.631,36.1031,45.8902932875199
"1477A","PM2.5",104.1373,35.9454,28.5476480623934
"1478A","PM2.5",103.8412,36.0726,33.901977750309
"1479A","PM2.5",103.831,36.0464,37.109672691744
"1480A","PM2.5",101.748,36.6428,NA
"1481A","PM2.5",101.749,36.6922,NA
"1482A","PM2.5",101.834,36.5819,60
"1483A","PM2.5",101.524,36.6867,24.9015151515152
"1484A","PM2.5",105.9512,38.6016,22.474063224704
"1485A","PM2.5",106.2682,38.4744,NA
"1486A","PM2.5",106.217,38.4536,NA
"1487A","PM2.5",106.0715,38.4858,NA
"1488A","PM2.5",106.2328,38.4975,33.8011622031329
"1489A","PM2.5",106.1358,38.5036,30.8573190282402
"1490A","PM2.5",87.5801,43.8303,44.5204146125648
"1491A","PM2.5",87.6046,43.768,39.8500749625187
"1492A","PM2.5",87.4754,43.9469,59.9627719783675
"1493A","PM2.5",87.5525,43.8711,50.9786712429517
"1494A","PM2.5",87.6432,43.831,43.3796707603867
"1495A","PM2.5",87.4171,43.8729,NA
"1496A","PM2.5",87.7216,44.1747,53.8285396864585
"1508A","PM2.5",112.9433,27.8614,43.4867692307692
"1511A","PM2.5",112.9118,27.8403,42.4978381717109
"1512A","PM2.5",112.8937,27.8728,41.4120455380096
"1513A","PM2.5",112.9227,27.8159,42.1078048780488
"1514A","PM2.5",112.9074,27.9119,41.3195599022005
"1515A","PM2.5",113.135,27.8244,38.9177668804225
"1518A","PM2.5",113.095,27.8867,37.0237027546445
"1519A","PM2.5",113.167,27.8667,40.5886031966644
"1520A","PM2.5",113.143,27.8381,39.3410881339242
"1524A","PM2.5",113.13,27.8528,41.638919995023
"1552A","PM2.5",106.805,26.3003,26.1745073891626
"1559A","PM2.5",113.251,27.8336,32.1595835884874
"1562A","PM2.5",113.0048,27.9153,41.7810068093385
"1564A","PM2.5",112.4876,27.9164,26.277798075752
"1585A","PM2.5",109.8756,40.6532,34.9773557341125
"1586A","PM2.5",109.8104,40.6575,NA
"1587A","PM2.5",109.9991,40.5842,42.4175920149719
"1588A","PM2.5",109.8538,40.6821,40.2563283362005
"1589A","PM2.5",109.8642,40.6288,35.6037965441713
"1590A","PM2.5",110.0377,40.5546,33.0395892614128
"1591A","PM2.5",110.0023,39.8129,27.6951570516831
"1592A","PM2.5",109.9486,39.8261,31.6367813237303
"1593A","PM2.5",109.7736,39.5986,26.4954773869347
"1594A","PM2.5",109.8119,39.5989,29.5776258545681
"1595A","PM2.5",109.9734,39.7884,27.2269302038295
"1596A","PM2.5",122.2414,40.6592,68.2373493975904
"1597A","PM2.5",122.2703,40.7094,39.630238791423
"1598A","PM2.5",122.215,40.6511,32.5158835608165
"1599A","PM2.5",122.167,40.6655,35.5489434053923
"1600A","PM2.5",124.3303,40.0625,30.9322241252753
"1601A","PM2.5",124.4256,40.1503,25.9949816401469
"1602A","PM2.5",124.3933,40.1461,26.5259205426357
"1603A","PM2.5",124.3633,40.1092,26.9518591479931
"1604A","PM2.5",122.0303,41.1489,35.1637962623672
"1605A","PM2.5",122.0485,41.0883,36.0140623105831
"1606A","PM2.5",121.8297,41.1028,32.010627780524
"1607A","PM2.5",120.9092,40.7136,43.3778077820056
"1608A","PM2.5",120.8392,40.7514,35.3292862398823
"1609A","PM2.5",120.8341,40.7073,36.5932224125275
"1610A","PM2.5",120.8695,40.7677,38.9973022685469
"1611A","PM2.5",118.5819,24.9117,20.8882337862087
"1612A","PM2.5",118.5972,24.8978,20.9040690505549
"1613A","PM2.5",118.6663,24.9424,21.219395280236
"1614A","PM2.5",118.6117,24.9604,17.7546153846154
"1615A","PM2.5",117.685,36.205,NA
"1616A","PM2.5",117.6795,36.229,44.4561116700201
"1617A","PM2.5",117.715,36.2081,NA
"1618A","PM2.5",118.3429,35.0532,46.111328125
"1619A","PM2.5",118.295,35.0583,43.1690380639669
"1620A","PM2.5",118.2794,34.9976,44.407016266084
"1621A","PM2.5",118.3956,35.0888,42.0761601567283
"1622A","PM2.5",116.3032,37.4674,42.843453627294
"1623A","PM2.5",116.2729,37.4504,NA
"1624A","PM2.5",116.2991,37.4451,42.622705986584
"1625A","PM2.5",115.9848,36.4372,47.9441437007874
"1626A","PM2.5",115.9968,36.4568,NA
"1627A","PM2.5",115.9835,36.4796,NA
"1628A","PM2.5",118.0062,37.3803,43.1768488745981
"1629A","PM2.5",118.0018,37.3617,44.2943438352766
"1630A","PM2.5",117.9776,37.393,43.0643971979845
"1631A","PM2.5",118.0414,36.8103,54.466732380483
"1632A","PM2.5",118.0253,36.8406,NA
"1633A","PM2.5",117.8525,36.4847,51.0289421157685
"1634A","PM2.5",117.9592,36.6331,47.6845070422535
"1635A","PM2.5",118.3092,36.8194,47.972850678733
"1636A","PM2.5",117.8661,36.805,40
"1637A","PM2.5",117.558,34.8438,46.9995008734714
"1638A","PM2.5",117.2852,34.7837,47.5314994473781
"1639A","PM2.5",117.5852,34.7745,45.2259245235391
"1640A","PM2.5",117.7276,34.5578,44.8008849557522
"1641A","PM2.5",117.4518,35.0992,42.5156367275457
"1642A","PM2.5",121.2514,37.5639,29.1424276587749
"1643A","PM2.5",121.3719,37.5433,30.9349845201238
"1644A","PM2.5",121.3181,37.5436,28.5791843561045
"1645A","PM2.5",121.4478,37.4822,27.6977061376317
"1646A","PM2.5",121.2611,37.4967,30.3329383886256
"1647A","PM2.5",121.5953,37.3872,NA
"1648A","PM2.5",119.12,36.7019,74
"1649A","PM2.5",119.0919,36.7306,NA
"1650A","PM2.5",119.1437,36.7023,41.0680653818004
"1651A","PM2.5",119.1614,36.6572,NA
"1652A","PM2.5",119.1936,36.7729,39.1752234993614
"1653A","PM2.5",116.6251,35.4302,46.492777921073
"1654A","PM2.5",116.5856,35.4144,NA
"1655A","PM2.5",116.5491,35.4042,49.0244297644273
"1656A","PM2.5",117.1437,36.1937,47.1342422009334
"1657A","PM2.5",117.0885,36.2017,41.3262557631643
"1658A","PM2.5",117.1089,36.1758,48.0984669076405
"1659A","PM2.5",119.471,35.4209,33.1659637806996
"1660A","PM2.5",119.523,35.4216,30.2502162362536
"1661A","PM2.5",119.5587,35.4044,33.5937736324679
"1662A","PM2.5",122.1214,37.4236,29.2081707317073
"1663A","PM2.5",122.0508,37.5236,23.5788504053058
"1664A","PM2.5",122.1067,37.5072,24.2943275501415
"1665A","PM2.5",118.5019,37.4658,57
"1666A","PM2.5",118.6614,37.4309,38.3551378756028
"1667A","PM2.5",118.5857,37.4442,NA
"1668A","PM2.5",118.8192,37.3781,NA
"1669A","PM2.5",113.5824,24.7733,24.0288414334806
"1670A","PM2.5",113.5556,24.8082,14
"1671A","PM2.5",113.5917,24.7972,22.7750213857998
"1672A","PM2.5",113.6735,24.7791,25.57177734375
"1673A","PM2.5",113.5971,24.6863,24.926873857404
"1674A","PM2.5",116.6794,23.3667,20.761000122564
"1675A","PM2.5",116.7244,23.3633,18.0674490426189
"1676A","PM2.5",116.7258,23.2775,16.9334902155066
"1677A","PM2.5",116.7519,23.4714,22.1190009794319
"1678A","PM2.5",116.6092,23.2539,16.548598246264
"1679A","PM2.5",116.4069,23.2533,32
"1680A","PM2.5",110.3539,21.2706,21.6646916565901
"1681A","PM2.5",110.3928,21.2228,21.9247637509086
"1682A","PM2.5",110.4019,21.1997,22.2767249757046
"1683A","PM2.5",110.4111,21.2028,20.9889851485148
"1684A","PM2.5",110.3316,21.2679,24.3330509500182
"1685A","PM2.5",110.4558,21.2567,22.0081927121546
"1686A","PM2.5",111.0286,21.4688,20.723814229249
"1687A","PM2.5",110.9294,21.6533,24.1843215083106
"1688A","PM2.5",110.9107,21.6687,20.610244706479
"1689A","PM2.5",110.8592,21.6828,21.2714666666667
"1690A","PM2.5",116.1231,24.3284,21.3587257617729
"1691A","PM2.5",116.0797,24.2719,20.4043910217098
"1692A","PM2.5",116.1248,24.2654,21.5841584158416
"1693A","PM2.5",115.3653,22.775,17.0321939092604
"1694A","PM2.5",115.3706,22.7898,18.1366436203646
"1695A","PM2.5",115.3622,22.7925,18.1673098468816
"1696A","PM2.5",114.6778,23.7569,19.5049919881671
"1697A","PM2.5",114.6944,23.7586,20.9528336380256
"1698A","PM2.5",114.6892,23.7233,20.1656905807711
"1699A","PM2.5",111.9797,21.8593,21.3620689655172
"1700A","PM2.5",111.9508,21.8536,29.5
"1701A","PM2.5",111.9491,21.8658,21.0500248262165
"1702A","PM2.5",113.0426,23.691,25.50548081714
"1703A","PM2.5",113.0208,23.7106,23.8975113399534
"1704A","PM2.5",113.0622,23.6272,NA
"1705A","PM2.5",116.6367,23.6719,23.9826097681302
"1706A","PM2.5",116.6447,23.6706,23.2012406947891
"1707A","PM2.5",116.6175,23.6531,NA
"1708A","PM2.5",116.3701,23.5345,29.0114438763087
"1709A","PM2.5",116.3264,23.5443,26.6872789364557
"1710A","PM2.5",116.3611,23.5626,25.3755822505516
"1711A","PM2.5",116.4151,23.5294,27.3295411452408
"1712A","PM2.5",112.0392,22.9169,20.7239196591601
"1713A","PM2.5",112.0369,22.9394,34
"1714A","PM2.5",112.0539,22.9539,23.8821093654853
"1715A","PM2.5",102.575,24.3711,18.8279244369097
"1716A","PM2.5",102.5433,24.3603,NA
"1717A","PM2.5",102.4964,24.3411,NA
"1718A","PM2.5",115.4208,35.2464,50.2056675062972
"1719A","PM2.5",115.4747,35.2375,48.3122284295469
"1720A","PM2.5",115.455,35.27,31.6666666666667
"1721A","PM2.5",113.3819,40.1097,32.8338874522842
"1722A","PM2.5",113.2858,40.0958,NA
"1723A","PM2.5",113.2994,40.0758,30.2946068240186
"1724A","PM2.5",113.3444,40.0917,31.7281214988174
"1725A","PM2.5",113.2661,40.1269,27.1350018493404
"1726A","PM2.5",113.2711,40.0844,38.4843231279971
"1727A","PM2.5",113.1147,36.1547,42.0184588701685
"1728A","PM2.5",113.1031,36.1989,45.368944255694
"1729A","PM2.5",113.1466,36.1961,NA
"1730A","PM2.5",113.0886,36.2125,43.9396358194063
"1731A","PM2.5",113.0844,36.1856,37.6121040305682
"1732A","PM2.5",111.5125,36.0978,NA
"1733A","PM2.5",111.5531,36.0783,51.1685198912775
"1734A","PM2.5",111.5028,36.0714,56.2546422381778
"1735A","PM2.5",111.5169,36.0822,69.5
"1736A","PM2.5",111.5018,36.0855,54.7148836636711
"1737A","PM2.5",111.4917,36.0417,NA
"1738A","PM2.5",113.5758,37.8572,49.1767379022353
"1739A","PM2.5",113.4894,37.8731,41.1134872417983
"1740A","PM2.5",113.5819,37.8486,48.2074209245742
"1741A","PM2.5",113.6292,37.8531,34.5
"1742A","PM2.5",113.5614,37.8703,47.8176809109832
"1743A","PM2.5",113.5158,37.8392,43.4088363410081
"1744A","PM2.5",118.9233,42.2816,20.4215734180308
"1745A","PM2.5",118.9576,42.2728,23.6028230713069
"1746A","PM2.5",118.8788,42.2554,18.5729571984436
"1747A","PM2.5",119.2719,42.0317,NA
"1748A","PM2.5",123.044,41.1196,35.1506782945736
"1749A","PM2.5",123.011,41.0931,35.1067831573838
"1750A","PM2.5",123.0485,41.1442,39.9226298583364
"1751A","PM2.5",122.9642,41.0971,43.3753640776699
"1752A","PM2.5",122.9341,41.0833,45.1211267605634
"1753A","PM2.5",123.022,41.0821,35.0580449301761
"1754A","PM2.5",123.1289,41.0228,26.3924592973436
"1755A","PM2.5",123.7977,41.8491,44.3026587349763
"1756A","PM2.5",123.9161,41.8822,43.6821138211382
"1757A","PM2.5",124.0436,41.8611,34.4873341375151
"1758A","PM2.5",123.9247,41.8642,41.9653878736536
"1759A","PM2.5",124.0972,41.8961,30.8370793342243
"1760A","PM2.5",123.7086,41.8391,41.9302353651177
"1761A","PM2.5",123.8275,41.3064,26.6820506575743
"1762A","PM2.5",123.7567,41.3325,30.9948598702729
"1763A","PM2.5",123.7169,41.3094,38.7678636640292
"1764A","PM2.5",123.7669,41.2864,27.3710324699015
"1765A","PM2.5",123.7992,41.2664,25.8078999018646
"1766A","PM2.5",123.8142,41.3472,28.9925887400858
"1767A","PM2.5",121.1115,41.0879,46.6253065228053
"1768A","PM2.5",121.0533,40.8434,42.8995974136879
"1769A","PM2.5",121.1836,41.1119,40.7762624401032
"1770A","PM2.5",121.1178,41.1222,42.2034436439126
"1771A","PM2.5",121.1303,41.1386,39.5985419198056
"1772A","PM2.5",126.54,43.8622,29.0214250734574
"1773A","PM2.5",126.5844,43.8358,27.4249755620723
"1774A","PM2.5",126.5052,43.8245,37.225568607848
"1775A","PM2.5",126.6133,43.8972,29.8239178283199
"1776A","PM2.5",126.555,43.8306,30.5656295576082
"1778A","PM2.5",126.7061,43.7133,23.1870897155361
"1779A","PM2.5",123.9305,47.3636,21.7175043327556
"1780A","PM2.5",123.9488,47.3386,19.3788258906172
"1781A","PM2.5",123.9483,47.3227,19.3794996949359
"1782A","PM2.5",123.6261,47.203,NA
"1783A","PM2.5",123.945,47.2988,20.0913325977688
"1784A","PM2.5",129.61,44.561,32.5858852159805
"1785A","PM2.5",129.6115,44.5782,27.5803897685749
"1786A","PM2.5",129.5904,44.5963,34.163727040506
"1787A","PM2.5",129.6364,44.6075,30.9662524366472
"1788A","PM2.5",129.6386,44.5462,23.3610301263362
"1789A","PM2.5",124.81117,46.03138,31.3110018438845
"1790A","PM2.5",125.129,46.533,25.8819768871404
"1791A","PM2.5",124.902,46.408,22.9812408043158
"1792A","PM2.5",125.153,46.586,24.5877495686468
"1793A","PM2.5",124.9042,46.6215,23.0071156913262
"1794A","PM2.5",118.3606,31.3519,33.9070769230769
"1795A","PM2.5",118.3714,31.4134,34.9549110407019
"1796A","PM2.5",118.3673,31.3131,33.5853717901911
"1797A","PM2.5",118.4022,31.3839,NA
"1798A","PM2.5",118.5092,31.6837,32.206468305304
"1799A","PM2.5",118.5024,31.6449,32.042065244052
"1800A","PM2.5",118.5228,31.7231,38.999512195122
"1801A","PM2.5",118.48,31.6928,34
"1802A","PM2.5",118.6245,31.7241,31.2406504065041
"1803A","PM2.5",115.9872,29.6815,34.8453281288119
"1804A","PM2.5",115.9584,29.7046,34.1516909405085
"1805A","PM2.5",115.9877,29.7295,34.1372772089496
"1806A","PM2.5",116.0172,29.6547,29.2313101406366
"1807A","PM2.5",116.0628,29.6926,NA
"1808A","PM2.5",115.9114,29.6038,32.2792143212332
"1809A","PM2.5",116.0721,29.7535,31.6335980452046
"1810A","PM2.5",115.9773,29.5698,14.9612564165241
"1811A","PM2.5",112.3628,34.6692,35.5
"1812A","PM2.5",112.3931,34.6516,42.907648087978
"1813A","PM2.5",112.4333,34.67,NA
"1814A","PM2.5",112.4657,34.6871,46.791064871481
"1815A","PM2.5",112.494,34.6886,46.2054761031659
"1816A","PM2.5",112.3844,34.623,43.5715329355899
"1817A","PM2.5",112.4267,34.6258,43.4086732818817
"1818A","PM2.5",114.4839,36.0621,49.6537291641319
"1819A","PM2.5",114.3551,36.1017,54.6374069100232
"1820A","PM2.5",114.361,36.0681,49.7481083719795
"1821A","PM2.5",114.3931,36.0883,NA
"1822A","PM2.5",114.286,36.11,NA
"1823A","PM2.5",114.3406,34.8022,NA
"1824A","PM2.5",114.3389,34.7781,47.921860708219
"1825A","PM2.5",114.3733,34.7975,NA
"1826A","PM2.5",114.2885,34.7965,46.9281686687914
"1827A","PM2.5",113.261,35.235,NA
"1828A","PM2.5",113.2269,35.2127,46.2845816052696
"1829A","PM2.5",113.2467,35.176,48.4744891716628
"1830A","PM2.5",113.1987,35.2703,46.4787587735501
"1831A","PM2.5",113.3064,33.7214,NA
"1832A","PM2.5",113.3257,33.742,49.6019273535953
"1833A","PM2.5",113.2919,33.737,46.4907896431792
"1834A","PM2.5",113.182,33.774,47.0041779306955
"1835A","PM2.5",111.1922,34.7752,44.6729199658911
"1836A","PM2.5",111.1587,34.7942,41.8768809849521
"1837A","PM2.5",111.1858,34.7917,NA
"1838A","PM2.5",111.143,34.7955,41.4066056407719
"1839A","PM2.5",111.3009,30.7157,76
"1840A","PM2.5",111.2992,30.6981,38.8692526955013
"1841A","PM2.5",111.3549,30.6465,38.8146401985112
"1842A","PM2.5",111.2628,30.6961,38.7089057899902
"1843A","PM2.5",111.3275,30.7819,38.6555680259384
"1844A","PM2.5",112.2494,30.3197,32.8403869407497
"1845A","PM2.5",112.2008,30.3544,33.9174645497515
"1846A","PM2.5",112.2887,30.3055,NA
"1847A","PM2.5",113.1094,29.3578,36.2572521910875
"1848A","PM2.5",113.1493,29.4251,34.2949140139041
"1849A","PM2.5",113.1497,29.3575,31.6989181214655
"1850A","PM2.5",113.2621,29.4758,36.1776854454357
"1851A","PM2.5",112.9943,29.4402,37.7410943811972
"1852A","PM2.5",113.2117,29.355,32.9225069078121
"1853A","PM2.5",111.7044,29.0244,NA
"1854A","PM2.5",111.6975,28.9703,36.8502409489682
"1855A","PM2.5",111.6753,29.0239,NA
"1856A","PM2.5",111.6794,29.0381,NA
"1857A","PM2.5",111.7158,29.1456,33.4910179640719
"1858A","PM2.5",110.5319,29.1217,31.6192126764051
"1859A","PM2.5",110.4697,29.1242,27.4699334698055
"1860A","PM2.5",110.5594,29.3547,18.9479141253964
"1861A","PM2.5",110.4417,29.315,10.1281471004243
"1862A","PM2.5",110.4144,25.3167,24.8014427191588
"1863A","PM2.5",110.2819,25.2697,33.7956652304478
"1864A","PM2.5",110.3089,25.2708,28.2575868820362
"1865A","PM2.5",110.2869,25.2178,28.7667037174262
"1866A","PM2.5",109.2262,21.588,25.9809075130176
"1867A","PM2.5",109.1436,21.4086,19.6313901345291
"1868A","PM2.5",109.0981,21.4661,20.0889657728902
"1869A","PM2.5",109.1778,21.5233,28.0706748466258
"1870A","PM2.5",109.4856,24.3895,28.6182593428643
"1871A","PM2.5",109.4157,24.3277,31.845075663607
"1872A","PM2.5",109.389,24.341,32.2606811145511
"1873A","PM2.5",109.4311,24.2921,30.1236684216971
"1874A","PM2.5",109.4006,24.3631,35.3052411417323
"1875A","PM2.5",109.4958,24.3134,25.7425524089739
"1876A","PM2.5",109.5078,18.2489,12.2312315996075
"1877A","PM2.5",109.4964,18.2681,11.9002807274503
"1878A","PM2.5",104.7778,31.4741,27.6648289688009
"1879A","PM2.5",104.7563,31.4535,31.5800742574257
"1880A","PM2.5",104.6697,31.4668,37.9176499209342
"1881A","PM2.5",104.7287,31.5075,40.0624467437614
"1882A","PM2.5",104.563,28.793,42.930567419158
"1883A","PM2.5",104.6201,28.7728,45.3224499815883
"1884A","PM2.5",104.6055,28.793,44.3056474335416
"1885A","PM2.5",104.639,28.7562,41.5061020258726
"1886A","PM2.5",104.5742,28.7199,39.8252747252747
"1887A","PM2.5",104.6789,28.7989,NA
"1888A","PM2.5",101.6891,26.571,35.2366131601519
"1889A","PM2.5",101.5769,26.5928,28.0565552699229
"1890A","PM2.5",101.7169,26.585,34.4206203261003
"1891A","PM2.5",101.7369,26.5008,26.9675486769845
"1893A","PM2.5",105.4324,28.9634,37.3832202344232
"1894A","PM2.5",105.4427,28.9063,40.5014577259475
"1895A","PM2.5",105.4241,28.8573,39.6509422492401
"1896A","PM2.5",105.4379,28.8833,35.3149877149877
"1897A","PM2.5",104.7547,29.3628,93.5
"1898A","PM2.5",104.7214,29.3586,NA
"1899A","PM2.5",104.7747,29.3564,NA
"1900A","PM2.5",104.7692,29.3411,68.5
"1901A","PM2.5",104.4239,31.1208,33.9545621106632
"1902A","PM2.5",104.3826,31.1317,35.2354647648979
"1903A","PM2.5",104.4053,31.1167,54
"1904A","PM2.5",104.3553,31.1091,38.084634448575
"1905A","PM2.5",106.056,30.8064,35.1737789203085
"1906A","PM2.5",106.0789,30.8023,39.6778677626012
"1907A","PM2.5",106.1031,30.8217,32.0461389023798
"1908A","PM2.5",106.1064,30.7856,36.8888349514563
"1909A","PM2.5",106.0642,30.7636,33.4026021400778
"1910A","PM2.5",106.1087,30.8388,37.0676257223657
"1911A","PM2.5",106.9222,27.6869,24.3813434665359
"1912A","PM2.5",106.9242,27.7019,19.6125213570906
"1913A","PM2.5",106.8906,27.6486,21.7056530214425
"1914A","PM2.5",106.9231,27.6506,22.0896705474362
"1915A","PM2.5",106.9178,27.72,21.2331467510343
"1916A","PM2.5",103.7897,25.5035,20.7179643641689
"1917A","PM2.5",103.8,25.5364,20.7247963030524
"1918A","PM2.5",108.7197,34.3956,47.3164837874491
"1919A","PM2.5",108.673,34.3155,49.5332180785379
"1920A","PM2.5",108.7233,34.3617,49.1580625383201
"1921A","PM2.5",108.7369,34.3164,NA
"1922A","PM2.5",109.0656,35.0994,32.0178636975407
"1923A","PM2.5",109.0697,35.0697,36.91809662894
"1924A","PM2.5",108.9344,34.9058,38.1714390602056
"1925A","PM2.5",108.9589,34.8731,48
"1926A","PM2.5",109.4131,36.6275,27.5636474908201
"1927A","PM2.5",109.4761,36.6028,31.0131291028446
"1928A","PM2.5",109.4824,36.5767,48.5
"1929A","PM2.5",109.5056,36.6106,32.797800855223
"1930A","PM2.5",107.185,34.3063,32.6662196757284
"1931A","PM2.5",107.0708,34.3017,33.1294375991216
"1932A","PM2.5",107.1906,34.3672,44.2867064700865
"1933A","PM2.5",107.1431,34.3547,37.8546666666667
"1934A","PM2.5",107.1186,34.3739,37.6576200417537
"1935A","PM2.5",107.3906,34.3528,48.2661054172767
"1936A","PM2.5",107.2058,34.3497,39.2366328153677
"1937A","PM2.5",107.2386,34.3622,43.6626872944329
"1938A","PM2.5",109.5293,34.5101,43.5295353111053
"1939A","PM2.5",109.4974,34.4877,44.3870007442322
"1940A","PM2.5",109.4636,34.493,43.3407258064516
"1941A","PM2.5",109.4259,34.5023,48.7380139152435
"1942A","PM2.5",102.1878,38.5247,NA
"1943A","PM2.5",102.1725,38.5339,25.0577392578125
"1944A","PM2.5",102.1692,38.5167,26.9647479354123
"1945A","PM2.5",98.2908,39.7711,31.5458872345619
"1947A","PM2.5",106.3394,38.817,40.4831349206349
"1948A","PM2.5",106.3668,39.0145,43.6885894424527
"1949A","PM2.5",106.7704,39.2282,42.0394523957685
"1950A","PM2.5",106.7099,39.1325,40.3301923831959
"1951A","PM2.5",84.895,45.6094,23.0227779153256
"1952A","PM2.5",84.8988,45.5893,20.7173886516168
"1953A","PM2.5",85.1186,45.6886,69.5
"1954A","PM2.5",84.905,44.3396,28.7270935960591
"1955A","PM2.5",85.6979,46.098,19.406969430117
"1956A","PM2.5",86.1472,41.7538,44.4750821827745
"1957A","PM2.5",86.1972,41.7166,43.296788482835
"1958A","PM2.5",86.2357,41.7173,36.8534589635507
"1959A","PM2.5",118.746,36.881,43.9211852944793
"1960A","PM2.5",118.78,36.864,43.1920627143557
"1961A","PM2.5",117.541,36.71,41.6624493305491
"1961A","PM2.5",117.532,36.6868,41.6624493305491
"1962A","PM2.5",117.541,36.71,NA
"1963A","PM2.5",120.61,36.44,35.9661573430989
"1964A","PM2.5",120.47,36.39,NA
"1965A","PM2.5",120.005,35.878,39.4899709685933
"1966A","PM2.5",120.0405,35.8735,29.1987837324211
"1966A","PM2.5",120.039,35.872,29.1987837324211
"1967A","PM2.5",120.008,36.283,33.2979258328096
"1968A","PM2.5",120.014,36.253,33.8998005982054
"1969A","PM2.5",120.537,36.865,39.2982869910626
"1970A","PM2.5",120.515,36.885,36.1374383613605
"1971A","PM2.5",119.952,36.792,37.8144343474253
"1972A","PM2.5",119.976,36.799,36.2396011022176
"1973A","PM2.5",120.747,37.825,NA
"1974A","PM2.5",120.773,37.809,NA
"1975A","PM2.5",120.399,37.374,37.8504365430849
"1976A","PM2.5",120.394,37.364,36.9312523225567
"1977A","PM2.5",119.941,37.177,32.9937392585318
"1978A","PM2.5",119.959,37.18,36.5882882882883
"1979A","PM2.5",122.471,37.154,20.5745290745291
"1980A","PM2.5",122.41,37.161,16.5451862781262
"1981A","PM2.5",122.038,37.197,19.9576712511684
"1982A","PM2.5",122.0693,37.2174,24.6013452914798
"1983A","PM2.5",121.531,36.913,21.5623293903549
"1984A","PM2.5",121.544,36.907,38.9392440833628
"1985A","PM2.5",120.636,31.155,25.570819112628
"1986A","PM2.5",120.635,31.17,NA
"1987A","PM2.5",120.658,31.172,27.8011952677156
"1988A","PM2.5",120.953,31.388,30.6072869543954
"1989A","PM2.5",120.999,31.381,25.5197172619048
"1990A","PM2.5",120.758,31.67,28.3373097991479
"1991A","PM2.5",120.721,31.671,27.722518806115
"1992A","PM2.5",120.734,31.656,27.7392152083841
"1993A","PM2.5",120.526,31.874,29.3593484074885
"1994A","PM2.5",120.55,31.882,30.5995825147348
"1995A","PM2.5",121.115,31.453,25.9334549878346
"1996A","PM2.5",121.14,31.422,NA
"1997A","PM2.5",119.146,31.955,35.5063430104904
"1998A","PM2.5",119.18,31.955,33.9542970690512
"1999A","PM2.5",120.268,31.92,32.7667273831208
"2000A","PM2.5",120.237,31.909,32.590396507821
"2001A","PM2.5",120.302,31.92,34.1344099077222
"2002A","PM2.5",119.818,31.354,27.8687052542167
"2003A","PM2.5",119.794,31.371,29.0676090964966
"2004A","PM2.5",119.579,31.751,34.6625137412972
"2005A","PM2.5",119.579,31.737,34.3358282208589
"2006A","PM2.5",119.46,31.4,31.0283248237296
"2007A","PM2.5",119.438,31.317,32.6937026456341
"2008A","PM2.5",121.173,31.896,24.8712552612033
"2009A","PM2.5",121.1518,31.89708,26.1593916161741
"2010A","PM2.5",119.7183,30.2366,NA
"2011A","PM2.5",119.6942,30.2311,27.5807015353888
"2012A","PM2.5",119.954,30.054,28.2943783236262
"2013A","PM2.5",119.946,30.049,NA
"2014A","PM2.5",120.091,29.305,23.7581739666872
"2015A","PM2.5",120.04,29.334,24.7092476489028
"2016A","PM2.5",120.251,29.719,24.4191580231849
"2017A","PM2.5",120.209,29.732,24.7549446865572
"2018A","PM2.5",121.989,39.625,NA
"2019A","PM2.5",122.011,39.617,53.410071942446
"2031A","PM2.5",113.1817,27.9958,41.7930908203125
"2054A","PM2.5",114.1099,32.1059,39.987091222031
"2064A","PM2.5",113.9956,32.1271,36.087415592388
"2065A","PM2.5",114.0775,32.1195,36.7924178809583
"2066A","PM2.5",114.0609,32.1399,40.476049382716
"2067A","PM2.5",114.6613,33.6128,43.242457825391
"2068A","PM2.5",114.6758,33.6347,44.8061899413453
"2069A","PM2.5",114.6546,33.5979,43.3883136094675
"2070A","PM2.5",114.6369,33.6406,45.6902315216046
"2073A","PM2.5",117.7206,24.5086,NA
"2074A","PM2.5",117.6569,24.5157,NA
"2075A","PM2.5",117.6336,24.4674,25.0873103958565
"2160A","PM2.5",112.85,35.5051,36.4102596262386
"2161A","PM2.5",112.8318,35.4936,36.4717004602563
"2162A","PM2.5",112.8508,35.4887,37.8870365762628
"2163A","PM2.5",112.8676,35.4897,40.0778503264691
"2164A","PM2.5",112.8271,35.4828,22.5
"2165A","PM2.5",112.8453,35.546,31.743795725147
"2166A","PM2.5",112.4397,39.3522,38.1536759282026
"2167A","PM2.5",112.4575,39.3617,36.8645626242545
"2168A","PM2.5",112.4258,39.3197,34.3932838636649
"2169A","PM2.5",112.4072,39.3278,34.4108684611478
"2170A","PM2.5",112.4272,39.3681,35.0402341803687
"2171A","PM2.5",112.7532,37.6945,38.9126808928133
"2172A","PM2.5",NA,NA,NA
"2173A","PM2.5",112.7249,37.7067,39.2920483693661
"2174A","PM2.5",112.6991,37.6982,38.5119458128079
"2175A","PM2.5",110.9956,35.0147,48.4222681414854
"2176A","PM2.5",111.0233,35.0611,NA
"2177A","PM2.5",111.0397,35.0394,NA
"2178A","PM2.5",110.9686,35.0303,45.6500432045426
"2179A","PM2.5",111.0414,35.1147,50.3294102089394
"2180A","PM2.5",112.7356,38.4186,NA
"2181A","PM2.5",112.7383,38.4519,46.1978076117748
"2182A","PM2.5",112.7003,38.4928,42.0839807621162
"2183A","PM2.5",111.1406,37.5211,29.2549962990377
"2184A","PM2.5",NA,NA,NA
"2185A","PM2.5",111.1297,37.5136,31.9383659199793
"2186A","PM2.5",106.8288,39.6778,30.5
"2187A","PM2.5",106.8174,39.6973,31.6722235842118
"2188A","PM2.5",106.7907,39.6667,30.4150545634921
"2189A","PM2.5",122.2603,43.6267,NA
"2190A","PM2.5",122.3039,43.6156,NA
"2191A","PM2.5",122.2532,43.6801,30.9842209072978
"2192A","PM2.5",119.7594,49.2261,18.010009765625
"2193A","PM2.5",119.7283,49.2014,NA
"2194A","PM2.5",107.5936,40.916,23
"2195A","PM2.5",107.4212,40.761,31.7935539006226
"2196A","PM2.5",107.37,40.7372,31.9281808239154
"2197A","PM2.5",113.1306,40.9923,24.9058505408063
"2198A","PM2.5",113.0974,41.038,NA
"2199A","PM2.5",122.062,46.0872,NA
"2200A","PM2.5",122.0392,46.0656,22.9506338371526
"2201A","PM2.5",121.9504,46.0741,22.7056677207492
"2202A","PM2.5",116.1042,43.9317,11.5597290640394
"2203A","PM2.5",116.0781,43.9311,10.4310134310134
"2204A","PM2.5",105.6467,38.8363,27.5922831162448
"2205A","PM2.5",105.6985,38.8411,30.8721427698325
"2206A","PM2.5",105.724,38.8516,28.2107072691552
"2207A","PM2.5",121.6094,41.998,38.19384765625
"2208A","PM2.5",121.6697,42.0279,33.2161467889908
"2209A","PM2.5",121.6673,42.0705,32.2966349670812
"2210A","PM2.5",121.6717,42.0224,40.384334711749
"2211A","PM2.5",121.6506,42.0498,31.1856447688564
"2212A","PM2.5",123.2,41.1953,31.7789868214243
"2213A","PM2.5",123.1683,41.2495,37.4834590124057
"2214A","PM2.5",123.2354,41.2639,37.3846718005134
"2215A","PM2.5",123.149,41.2991,42.3477306002928
"2216A","PM2.5",123.8139,42.3022,37.9796693202694
"2217A","PM2.5",123.8649,42.2923,30.3458840900701
"2218A","PM2.5",123.8486,42.2867,33.9273818270879
"2219A","PM2.5",123.7153,42.2217,33.9867889908257
"2220A","PM2.5",120.4318,41.5881,33.7789602446483
"2221A","PM2.5",120.4521,41.5646,30.932881773399
"2222A","PM2.5",120.4176,41.5648,34.8776429375704
"2223A","PM2.5",120.3806,41.5969,31.1026144593102
"2224A","PM2.5",124.3419,43.1747,NA
"2225A","PM2.5",124.4002,43.1713,26.413971221252
"2226A","PM2.5",124.388,43.193,27.301611863314
"2227A","PM2.5",125.1358,42.8845,31.7042010595047
"2228A","PM2.5",125.1567,42.8953,NA
"2229A","PM2.5",125.9358,41.7173,22.6262512512513
"2230A","PM2.5",125.9446,41.7325,24.0908512533401
"2231A","PM2.5",126.4219,41.9171,23.9834045149481
"2232A","PM2.5",126.4077,41.9419,25.3089290131091
"2233A","PM2.5",124.8006,45.1214,25.0381191222571
"2234A","PM2.5",124.7965,45.1722,21.4424778761062
"2235A","PM2.5",122.7911,45.6077,24.6716009453912
"2236A","PM2.5",122.8738,45.5725,22.3794979596884
"2237A","PM2.5",129.47,42.8883,20.2346988539381
"2238A","PM2.5",129.5055,42.9108,22.9811159844055
"2239A","PM2.5",129.3964,42.8881,17.611083499006
"2240A","PM2.5",130.9762,45.3001,27.0955209106657
"2241A","PM2.5",130.9817,45.305,NA
"2242A","PM2.5",131.0103,45.2948,NA
"2243A","PM2.5",130.9429,45.3039,23.1672718167021
"2244A","PM2.5",130.2537,47.3416,21.4592583556965
"2245A","PM2.5",130.2684,47.3086,21.8417143552904
"2246A","PM2.5",130.3114,47.3388,24.223209936678
"2247A","PM2.5",130.1097,47.3382,17.420602953741
"2248A","PM2.5",131.1511,46.6937,28.1960539460539
"2249A","PM2.5",131.1652,46.6191,21.5942679127726
"2250A","PM2.5",131.1524,46.6554,28.3278906627963
"2251A","PM2.5",131.12,46.5656,26.5465720441009
"2252A","PM2.5",128.5159,47.4311,19.0402445236882
"2253A","PM2.5",128.9102,47.7412,19.4273483365949
"2254A","PM2.5",129.5029,48.471,10.8689969158467
"2255A","PM2.5",130.2751,46.8028,32.0355292376018
"2256A","PM2.5",130.3995,46.8307,25.2558596146766
"2257A","PM2.5",130.3258,46.7975,28.1989720998532
"2258A","PM2.5",130.3648,46.8032,29.0593912397921
"2259A","PM2.5",130.3794,46.7588,25.0086069101193
"2260A","PM2.5",131.0032,45.7677,NA
"2261A","PM2.5",130.8625,45.8194,NA
"2262A","PM2.5",131.0518,45.8751,20.4841060434728
"2263A","PM2.5",127.4833,50.2524,15.0072206584261
"2264A","PM2.5",127.5144,50.2341,14.8390536896298
"2265A","PM2.5",127.5291,50.2472,13.8872773536896
"2266A","PM2.5",126.9785,46.6365,32.8219850325113
"2267A","PM2.5",126.964,46.6528,30.9670706328804
"2268A","PM2.5",124.1186,50.4269,NA
"2269A","PM2.5",124.1069,50.4097,14.228714524207
"2270A","PM2.5",117.396,32.939,40.4419117647059
"2271A","PM2.5",117.3605,32.9427,35.7692875599852
"2272A","PM2.5",117.3086,32.935,NA
"2273A","PM2.5",117.4185,32.8911,33.6010915405607
"2274A","PM2.5",117.3533,32.9673,36.9594958394518
"2275A","PM2.5",117.3145,32.8977,37.5662027343269
"2276A","PM2.5",117.0417,32.6611,NA
"2277A","PM2.5",116.8305,32.7727,48.7310564328559
"2278A","PM2.5",117.0067,32.6524,43.329293671196
"2279A","PM2.5",116.8569,32.5951,38.854848521718
"2280A","PM2.5",116.8281,32.633,43.0708389799187
"2281A","PM2.5",116.6325,32.6201,40.8347644749755
"2282A","PM2.5",116.8004,33.975,40.3389768574909
"2283A","PM2.5",116.8091,33.9007,40.4099432519122
"2284A","PM2.5",116.7856,33.9477,40.9703540365062
"2285A","PM2.5",117.8177,30.9412,34.2885881492319
"2286A","PM2.5",117.8059,30.9273,38.1347587049481
"2287A","PM2.5",117.7807,30.9413,30.5079656862745
"2288A","PM2.5",117.7439,30.8792,34.8482538121003
"2289A","PM2.5",117.846,30.9413,33.9429025553246
"2290A","PM2.5",117.8483,30.97,29.7858541360744
"2291A","PM2.5",117.0809,30.5177,32.2617718446602
"2292A","PM2.5",117.0331,30.5119,33.3983154296875
"2293A","PM2.5",117.0486,30.5489,NA
"2294A","PM2.5",116.9896,30.6145,30.3775832725504
"2295A","PM2.5",118.2903,29.6963,18.9023380418899
"2296A","PM2.5",118.327,29.7178,19.6852773394829
"2297A","PM2.5",118.1371,30.2756,19.6368633198974
"2298A","PM2.5",118.3093,32.3153,36.3211367239907
"2299A","PM2.5",118.3244,32.2786,35.6537899098221
"2300A","PM2.5",118.3158,32.3061,NA
"2301A","PM2.5",115.8277,32.8929,45.4717648493719
"2302A","PM2.5",NA,NA,NA
"2303A","PM2.5",115.8554,32.8605,45.3797437461867
"2304A","PM2.5",116.9765,33.6481,NA
"2305A","PM2.5",116.9677,33.6284,NA
"2306A","PM2.5",116.989,33.6306,40.5
"2307A","PM2.5",116.5079,31.737,32.8391143911439
"2308A","PM2.5",116.4738,31.7643,29.3016377413835
"2309A","PM2.5",116.4996,31.7905,30.826554293392
"2310A","PM2.5",116.5567,31.7886,33.125
"2311A","PM2.5",115.8072,33.8399,38.5781423461206
"2312A","PM2.5",115.7789,33.8518,37.7179268292683
"2313A","PM2.5",117.4808,30.6414,NA
"2314A","PM2.5",117.47,30.6618,32.0686606926617
"2315A","PM2.5",117.4974,30.6539,25.5
"2316A","PM2.5",118.7581,30.9454,29.5631572435977
"2317A","PM2.5",118.7385,30.9743,30.0756651208201
"2318A","PM2.5",118.7173,30.9427,28.5766333209831
"2319A","PM2.5",119.0141,25.4325,19.9970645792564
"2320A","PM2.5",119.0015,25.4553,21.0726401179941
"2321A","PM2.5",119.1119,25.4561,22.0670159619837
"2322A","PM2.5",119.1013,25.3215,23.0632693254554
"2323A","PM2.5",118.981,25.4792,18.3711698300459
"2324A","PM2.5",117.6211,26.2625,25.6077091973652
"2325A","PM2.5",117.635,26.2714,22.6661775495231
"2326A","PM2.5",117.6028,26.2378,27.508115475158
"2327A","PM2.5",117.7275,26.3108,21.661193839888
"2331A","PM2.5",118.0966,26.6761,13.7225234757307
"2332A","PM2.5",118.1681,26.6369,19.4680982352215
"2333A","PM2.5",118.1825,26.6489,20.5266984206568
"2334A","PM2.5",118.1756,26.6272,19.6589489158398
"2335A","PM2.5",117.0189,25.1181,22.4117789921069
"2336A","PM2.5",117.0217,25.1033,20.5543148440345
"2337A","PM2.5",117.0258,25.0661,20.2728809466312
"2338A","PM2.5",117.0196,25.0306,18.3411921170354
"2339A","PM2.5",119.5001,26.6946,18.7175196850394
"2340A","PM2.5",119.5202,26.6607,NA
"2341A","PM2.5",119.5388,26.6612,20.8451100244499
"2342A","PM2.5",117.3102,29.3867,19.1112999150382
"2343A","PM2.5",117.2117,29.2933,24.6488420031527
"2344A","PM2.5",117.1894,29.2789,23.4646476981316
"2345A","PM2.5",117.1547,29.2617,25.2149419729207
"2346A","PM2.5",117.2461,29.2956,22.3494266747133
"2347A","PM2.5",114.0997,27.5002,17.3376336159233
"2348A","PM2.5",113.8385,27.6434,39.6701869385773
"2349A","PM2.5",113.8493,27.6253,33.2708254568368
"2350A","PM2.5",113.8676,27.6435,32.0689697265625
"2351A","PM2.5",113.866,27.6198,34.4421719016314
"2352A","PM2.5",115.0861,27.9317,29.3600312053049
"2353A","PM2.5",114.9886,27.8431,27.4240641041693
"2354A","PM2.5",114.9231,27.8246,31.5711674384597
"2355A","PM2.5",114.9308,27.8036,34.0035318475216
"2356A","PM2.5",114.9119,27.8042,NA
"2357A","PM2.5",116.9822,28.1136,21.4493484140644
"2358A","PM2.5",117.0564,28.2642,26.663125
"2359A","PM2.5",117.0311,28.2475,24.9898665982555
"2360A","PM2.5",117.0222,28.2264,24.3587570621469
"2361A","PM2.5",117.0017,28.2131,26.3084395105336
"2362A","PM2.5",114.9017,25.9149,19.4310435238595
"2363A","PM2.5",114.9367,25.8664,23.1167712563061
"2364A","PM2.5",114.9461,25.8481,23.0464888671397
"2365A","PM2.5",114.9322,25.8333,23.6966593513777
"2366A","PM2.5",114.8905,25.8471,22.853438831406
"2367A","PM2.5",114.9754,27.0803,26.4530299342906
"2368A","PM2.5",114.9658,27.0999,27.6172854534388
"2369A","PM2.5",114.99,27.1312,27.2305443916697
"2370A","PM2.5",115.0093,27.0968,27.0416058394161
"2371A","PM2.5",114.3408,27.8064,30.4005633112907
"2372A","PM2.5",114.3806,27.8014,NA
"2373A","PM2.5",114.3956,27.7844,30.6166193357205
"2374A","PM2.5",114.3703,27.7914,30.9157414261041
"2375A","PM2.5",114.4013,27.8074,29.8922530031871
"2376A","PM2.5",116.2127,28.0814,27.6972410454985
"2377A","PM2.5",116.3544,27.9831,25.4826081687068
"2378A","PM2.5",116.3565,27.963,26.5902727492155
"2379A","PM2.5",116.3564,28.0007,25.9718378247147
"2380A","PM2.5",116.385,27.9647,23.1804347826087
"2381A","PM2.5",118.005,28.4572,24.3174839029222
"2382A","PM2.5",117.9756,28.4436,27.7714008959923
"2383A","PM2.5",117.9519,28.4628,26.223051511073
"2384A","PM2.5",117.9033,28.4303,NA
"2385A","PM2.5",114.17,35.9019,51.1392733564014
"2386A","PM2.5",114.2956,35.7511,53.3188405797101
"2387A","PM2.5",114.2878,35.7306,51.8672663182205
"2388A","PM2.5",113.926,35.279,NA
"2389A","PM2.5",113.836,35.31,49.6337019351596
"2390A","PM2.5",113.884,35.272,48.3477115987461
"2391A","PM2.5",113.883,35.303,48.6501775437737
"2392A","PM2.5",115.0312,35.7636,53.2605581625093
"2393A","PM2.5",114.9906,35.767,NA
"2394A","PM2.5",115.0574,35.7609,52.9109117719341
"2395A","PM2.5",115.0866,35.7754,51.4840300900234
"2396A","PM2.5",113.8276,34.0159,47.0631399317406
"2397A","PM2.5",113.8208,34.0314,NA
"2398A","PM2.5",113.7906,33.9953,44.7375471927902
"2399A","PM2.5",114.051,33.5699,47.9804528021774
"2400A","PM2.5",114.0055,33.5698,49.4874484825777
"2401A","PM2.5",114.0138,33.5828,48.5792201382034
"2402A","PM2.5",114.0261,33.5698,48.2301831141698
"2403A","PM2.5",112.5192,32.9917,45.4925775978408
"2404A","PM2.5",112.5339,33.0086,46.2481545275591
"2405A","PM2.5",112.5003,32.9735,46.9198538049863
"2406A","PM2.5",112.5779,33.0144,44.398675171737
"2407A","PM2.5",112.548,32.9692,47.0127717057595
"2408A","PM2.5",115.6702,34.4285,46.8719291682255
"2409A","PM2.5",115.6458,34.4045,43.6959467783664
"2410A","PM2.5",115.6293,34.3948,48.5233951317947
"2411A","PM2.5",115.6578,34.402,NA
"2420A","PM2.5",114.0189,32.9656,43.2144436256448
"2421A","PM2.5",114.0114,33.015,41.0223089113739
"2422A","PM2.5",113.9976,32.9771,42.4069867917541
"2423A","PM2.5",115.0601,30.2313,30.3139056831923
"2424A","PM2.5",115.0817,30.2006,31.6650561662036
"2425A","PM2.5",114.9551,30.1765,NA
"2426A","PM2.5",114.8988,30.2019,36.7377435770138
"2427A","PM2.5",115.0307,30.2092,31.0849308420286
"2428A","PM2.5",111.0419,32.395,21.2381591796875
"2429A","PM2.5",110.78,32.6494,33.948077394073
"2430A","PM2.5",110.7258,32.6389,29.9406303444906
"2431A","PM2.5",110.8839,32.5714,28.1997091614154
"2432A","PM2.5",112.155,32.0197,47.4563376874698
"2433A","PM2.5",112.1392,32.0564,52.5549443833272
"2434A","PM2.5",112.1825,32.1142,54.3564152316275
"2435A","PM2.5",112.2106,32.0903,49.7491521317829
"2436A","PM2.5",114.8938,30.3994,34.4190695420402
"2437A","PM2.5",114.8989,30.3714,38.2061403508772
"2438A","PM2.5",114.8131,30.4133,35.6666666666667
"2439A","PM2.5",112.2014,31.0481,45.4718715528864
"2440A","PM2.5",112.1969,30.9891,45.5124585737081
"2441A","PM2.5",112.2213,31.0386,47.8171138864845
"2442A","PM2.5",112.1931,31.0375,NA
"2443A","PM2.5",113.9153,30.9285,31.5484183735305
"2444A","PM2.5",113.942,30.9075,32.5769742411416
"2445A","PM2.5",114.8857,30.4522,NA
"2446A","PM2.5",114.9028,30.4742,33.5949659533074
"2447A","PM2.5",114.3175,29.8142,23.2863436123348
"2448A","PM2.5",114.3107,29.8454,27.0157920310982
"2449A","PM2.5",114.2936,29.8566,25.58
"2450A","PM2.5",114.3375,29.8683,41.5
"2451A","PM2.5",113.3583,31.7275,36.5318789924069
"2452A","PM2.5",113.3833,31.6908,34.644420131291
"2453A","PM2.5",113.3983,31.7308,35.1846246973366
"2454A","PM2.5",109.4978,30.2981,24.3439333970247
"2455A","PM2.5",109.4707,30.2798,25.491609922179
"2456A","PM2.5",112.5003,26.9167,33.474143225648
"2457A","PM2.5",112.6194,26.9258,37.2484802431611
"2458A","PM2.5",112.6211,26.8956,51.7934823796893
"2459A","PM2.5",112.6197,26.8733,34.6668625146886
"2460A","PM2.5",112.6006,26.8919,38.4142402740396
"2461A","PM2.5",112.5664,26.9056,46.5960955907102
"2462A","PM2.5",111.5239,27.3033,32.4988853108744
"2463A","PM2.5",111.4733,27.2317,42.5490379226602
"2464A","PM2.5",111.5283,27.2442,37.4007951298298
"2465A","PM2.5",111.4503,27.2537,35.772340687785
"2466A","PM2.5",111.4328,27.2272,37.6467110125647
"2467A","PM2.5",112.4067,28.6428,30.1550524851397
"2468A","PM2.5",112.3458,28.5808,34.6587858638099
"2469A","PM2.5",112.3437,28.5531,36.4200073108322
"2470A","PM2.5",112.3347,28.6047,36.6807476635514
"2471A","PM2.5",112.3744,28.5819,33.1162619573216
"2472A","PM2.5",113.0073,25.9061,21.9821648216482
"2473A","PM2.5",113.0116,25.8226,29.2186219739292
"2474A","PM2.5",113.0161,25.8001,25.4392844014214
"2475A","PM2.5",113.0383,25.8071,27.2434867299732
"2476A","PM2.5",113.0348,25.7759,28.6029843444227
"2477A","PM2.5",111.6217,26.2081,30.0034580708905
"2478A","PM2.5",111.6156,26.4214,31.0598817151306
"2479A","PM2.5",111.6236,26.2331,31.2934769306083
"2480A","PM2.5",111.5992,26.4364,32.7437192118227
"2481A","PM2.5",111.5989,26.4519,33.0428431131844
"2482A","PM2.5",109.5981,27.5721,23.0652094272805
"2483A","PM2.5",109.9453,27.5444,23.5039206076942
"2484A","PM2.5",109.9781,27.5342,26.448246364414
"2485A","PM2.5",109.9972,27.5578,27.627332262449
"2486A","PM2.5",110.0394,27.583,31.7323008849558
"2487A","PM2.5",111.9589,27.8901,24.0481028151775
"2488A","PM2.5",111.9975,27.725,38.6247232472325
"2489A","PM2.5",112.0194,27.7314,34.7746323529412
"2490A","PM2.5",111.9561,27.7569,36.1687408491947
"2491A","PM2.5",111.9892,27.7044,33.676543532176
"2492A","PM2.5",109.6414,28.2558,18.6191556395715
"2493A","PM2.5",109.7325,28.3169,23.3700623700624
"2494A","PM2.5",109.6958,28.2675,23.0147651006711
"2495A","PM2.5",111.3014,23.4832,27.8850102669405
"2496A","PM2.5",111.3239,23.4794,22.409151434451
"2497A","PM2.5",111.247,23.4189,29.0999634725435
"2498A","PM2.5",111.2711,23.4835,24.5607578134427
"2499A","PM2.5",108.3411,21.6158,22.7279112754159
"2500A","PM2.5",108.3514,21.7731,25.2383605745419
"2501A","PM2.5",108.3506,21.6414,22.6771504357711
"2502A","PM2.5",108.6236,21.9667,25.8753114100648
"2503A","PM2.5",108.6549,21.9481,28.2079811039284
"2504A","PM2.5",108.5989,21.7431,26.829178435466
"2505A","PM2.5",109.568,23.1478,28.8166606038559
"2506A","PM2.5",109.6047,23.0666,32.0926380368098
"2507A","PM2.5",109.6014,23.0948,31.7971032281822
"2508A","PM2.5",109.5669,23.1065,26.5127978817299
"2509A","PM2.5",110.1106,22.7019,26.9659090909091
"2510A","PM2.5",110.1675,22.6411,29.989137068229
"2511A","PM2.5",110.1433,22.6164,30.1583666545499
"2512A","PM2.5",106.6103,23.9011,26.3876582278481
"2513A","PM2.5",106.6538,23.8859,31.7240568954855
"2514A","PM2.5",111.5264,24.4172,25.0506499877361
"2515A","PM2.5",111.5608,24.4078,26.3985860555826
"2516A","PM2.5",108.2011,24.715,25.0992385469979
"2517A","PM2.5",108.0497,24.6947,24.12753587333
"2518A","PM2.5",108.0983,24.6989,27.5956949569496
"2519A","PM2.5",109.2328,23.7361,33.7658826382153
"2520A","PM2.5",109.2203,23.7256,34.4309022281748
"2521A","PM2.5",107.3476,22.4136,29.7141620284477
"2522A","PM2.5",107.3702,22.3707,29.8827062139968
"2523A","PM2.5",105.8945,32.4535,23.3210623841878
"2524A","PM2.5",105.821,32.4444,23.0939785470502
"2525A","PM2.5",105.8153,32.4246,53
"2526A","PM2.5",105.8628,32.4287,20.7808892164087
"2527A","PM2.5",105.5453,30.5678,27.0546568627451
"2528A","PM2.5",105.5582,30.5232,29.170336317445
"2529A","PM2.5",105.5861,30.5366,29.9407886395334
"2530A","PM2.5",105.5918,30.4728,29.6862839879154
"2531A","PM2.5",105.0703,29.61,31.0195288661052
"2532A","PM2.5",105.0717,29.5947,36.5704416481619
"2533A","PM2.5",105.0653,29.5817,35.8300669506999
"2534A","PM2.5",105.0406,29.5822,34.7049524515253
"2535A","PM2.5",103.7723,29.5462,40.097739692002
"2536A","PM2.5",103.7627,29.5844,36.2129995066601
"2537A","PM2.5",103.7508,29.6006,35.4694178334562
"2538A","PM2.5",103.7571,29.5664,36.4153620352251
"2539A","PM2.5",104.0308,30.0478,27.3135769277771
"2540A","PM2.5",103.8416,30.0874,31.9931203931204
"2541A","PM2.5",103.8495,30.0691,NA
"2542A","PM2.5",103.8341,30.062,NA
"2543A","PM2.5",106.6308,30.5278,35.7878359264498
"2544A","PM2.5",106.6303,30.4576,37.227808814401
"2545A","PM2.5",106.6271,30.4663,31.3523359961268
"2546A","PM2.5",106.6406,30.4844,NA
"2547A","PM2.5",106.6388,30.4551,33.5903701911444
"2548A","PM2.5",107.5277,31.2827,34.9111301789654
"2549A","PM2.5",107.5086,31.2186,32.275209050664
"2550A","PM2.5",107.4988,31.2132,33.4438613619722
"2551A","PM2.5",107.5082,31.1986,35.3418615984405
"2552A","PM2.5",107.4644,31.2124,44.610099538723
"2553A","PM2.5",103.009,30.0125,NA
"2554A","PM2.5",103.0475,30.02,29.8647466277798
"2555A","PM2.5",103.0111,29.9833,26.5872163942425
"2556A","PM2.5",102.9905,29.9775,24.6251532238294
"2557A","PM2.5",106.7583,31.8475,NA
"2558A","PM2.5",106.7389,31.8711,NA
"2559A","PM2.5",106.7594,31.8531,NA
"2560A","PM2.5",106.7608,31.8456,NA
"2561A","PM2.5",104.6617,30.1372,27.0473599604303
"2562A","PM2.5",104.6356,30.1506,25.9503667481663
"2563A","PM2.5",104.6295,30.1383,27.9498528690535
"2564A","PM2.5",104.6463,30.1146,30.3909202453988
"2565A","PM2.5",104.6296,30.1256,26.1330961727184
"2566A","PM2.5",102.1879,31.914,14.5144182547643
"2567A","PM2.5",102.224,31.9037,17.1440677966102
"2568A","PM2.5",102.2502,31.8896,15.666295471418
"2569A","PM2.5",101.9628,30.0506,NA
"2570A","PM2.5",101.9603,30.0475,8.3394585324023
"2571A","PM2.5",102.3431,27.8099,20.2863060123007
"2572A","PM2.5",102.2721,27.8415,18.3650928510742
"2573A","PM2.5",102.2625,27.898,21.1089340727049
"2574A","PM2.5",102.2685,27.8851,20.1827679449361
"2575A","PM2.5",102.237,27.8914,22.0946587176055
"2576A","PM2.5",104.8,26.5892,23.9247572815534
"2577A","PM2.5",104.83,26.5917,25.1013323554578
"2578A","PM2.5",104.89,26.5939,29.7079839591688
"2579A","PM2.5",104.8475,26.5894,22.4512440311636
"2580A","PM2.5",104.9544,26.5506,22.3326023391813
"2581A","PM2.5",105.9556,26.2611,NA
"2582A","PM2.5",105.9278,26.255,NA
"2583A","PM2.5",105.9394,26.2358,NA
"2584A","PM2.5",105.8853,26.2392,NA
"2585A","PM2.5",109.1839,27.7344,21.5421303656598
"2586A","PM2.5",109.1753,27.6944,22.3981322192185
"2587A","PM2.5",105.2864,27.3125,25.8941105039466
"2588A","PM2.5",105.31,27.2944,24.5974560872199
"2589A","PM2.5",104.9022,25.0925,21.1417573017231
"2590A","PM2.5",104.8811,25.0992,21.6324869396185
"2591A","PM2.5",107.9783,26.5747,24.3332928900752
"2592A","PM2.5",NA,NA,NA
"2593A","PM2.5",107.5228,26.2403,18.6836428181322
"2594A","PM2.5",99.1678,25.1081,27.5910761820256
"2595A","PM2.5",99.1711,25.1328,20.6446200607903
"2596A","PM2.5",103.7667,27.3736,23.6024375380865
"2597A","PM2.5",103.7225,27.3361,23.8338192419825
"2598A","PM2.5",100.2143,26.8576,11.49
"2599A","PM2.5",100.2497,26.8802,16.4139032178826
"2600A","PM2.5",100.2203,26.8906,8.47671732522796
"2601A","PM2.5",100.98,22.7633,25.8219026548673
"2602A","PM2.5",100.9817,22.8322,17.2115526122149
"2603A","PM2.5",100.0781,23.8982,28.620986883198
"2604A","PM2.5",100.0894,23.8822,27.7039368135259
"2605A","PM2.5",101.5482,25.0441,20.608415420163
"2606A","PM2.5",101.538,25.0492,19.953231292517
"2607A","PM2.5",103.3113,23.4626,NA
"2608A","PM2.5",103.3772,23.3993,26.447307078886
"2609A","PM2.5",103.3861,23.35,26.8096116027532
"2610A","PM2.5",104.2533,23.3594,23.2289308176101
"2611A","PM2.5",104.2319,23.3892,22.8555749563482
"2612A","PM2.5",100.7939,22.0019,27.401258653241
"2613A","PM2.5",100.8017,22.0225,16.9517073170732
"2614A","PM2.5",100.1542,25.7054,19.8048928919182
"2615A","PM2.5",100.2171,25.5811,14.0344616139318
"2616A","PM2.5",98.5842,24.428,24.8532986111111
"2617A","PM2.5",98.578,24.441,NA
"2618A","PM2.5",98.8601,25.8567,26.0096
"2619A","PM2.5",98.8546,25.8417,23.2563145452283
"2620A","PM2.5",99.7064,27.8136,NA
"2621A","PM2.5",99.7056,27.8317,15.1885295912142
"2622A","PM2.5",97.1806,31.1273,9.92301562001913
"2623A","PM2.5",97.1809,31.1254,NA
"2624A","PM2.5",91.7608,29.2313,8.48774681417168
"2625A","PM2.5",91.7706,29.2436,10.2558139534884
"2626A","PM2.5",88.8876,29.2718,10.1279465867284
"2627A","PM2.5",88.8931,29.2365,NA
"2628A","PM2.5",92.0657,31.4846,24.9043325820185
"2629A","PM2.5",92.0505,31.4733,NA
"2630A","PM2.5",80.1161,32.5,6.7097395098165
"2631A","PM2.5",80.0895,32.5039,NA
"2632A","PM2.5",94.3681,29.6376,10.1536471168063
"2633A","PM2.5",94.3616,29.6616,6.6390977443609
"2634A","PM2.5",106.9893,33.1842,27.6247063187832
"2635A","PM2.5",107.0154,33.0706,36.5561477892187
"2636A","PM2.5",107.0089,33.1138,35.7231199125258
"2637A","PM2.5",107.007,33.0323,39.0018239299611
"2638A","PM2.5",109.7414,38.3344,31.5918518518519
"2639A","PM2.5",109.7456,38.2911,33.5560350141783
"2640A","PM2.5",109.7289,38.2839,32.9620555346149
"2641A","PM2.5",109.7336,38.2478,32.8416400687454
"2642A","PM2.5",109.0318,32.6537,25.538973614137
"2643A","PM2.5",109.0281,32.6939,29.49993941597
"2644A","PM2.5",109.0072,32.6975,27.8418694757235
"2645A","PM2.5",109.9154,33.8715,25.356572971646
"2646A","PM2.5",109.966,33.8509,NA
"2647A","PM2.5",104.1724,36.5446,34.8909869083585
"2648A","PM2.5",104.1465,36.5482,29.478683148335
"2649A","PM2.5",106.0055,34.343,12.4294694493337
"2650A","PM2.5",105.7205,34.5786,22.6964549483013
"2651A","PM2.5",105.8945,34.5538,27.111668911473
"2652A","PM2.5",102.6201,37.9251,37.6157714005396
"2653A","PM2.5",102.6469,37.9358,NA
"2654A","PM2.5",100.4698,38.9524,34.2569002123142
"2655A","PM2.5",100.4154,38.9422,40.0887316952097
"2656A","PM2.5",106.6692,35.5461,18.8735716022368
"2657A","PM2.5",106.7021,35.5307,19.8733518809725
"2658A","PM2.5",98.5061,39.7443,31.4933041149257
"2659A","PM2.5",98.4989,39.7256,32.9008304836346
"2660A","PM2.5",107.6831,35.7289,59
"2661A","PM2.5",107.6325,35.7357,27.2404570872842
"2662A","PM2.5",107.6364,35.7067,25.7346863468635
"2663A","PM2.5",104.6241,35.5734,24.5826975141521
"2664A","PM2.5",104.6194,35.5934,24.6829567779961
"2665A","PM2.5",105.0822,33.3261,13.5651907273396
"2666A","PM2.5",NA,NA,NA
"2667A","PM2.5",103.2069,35.5993,29.7047224926972
"2668A","PM2.5",103.2417,35.6057,28.5191303291631
"2669A","PM2.5",102.9099,34.9841,18.1718132411067
"2670A","PM2.5",102.1086,36.4997,NA
"2671A","PM2.5",100.9048,36.9639,22.7450372208437
"2672A","PM2.5",102.0199,35.5102,23.6787597288476
"2673A","PM2.5",100.6188,36.2866,20.4142593730793
"2674A","PM2.5",100.2561,34.4714,18.3606091894682
"2675A","PM2.5",97,33.0014,8.9919532770928
"2676A","PM2.5",97.3731,37.3753,15.7547476261869
"2677A","PM2.5",106.1532,37.9648,39.9731222385862
"2678A","PM2.5",106.2025,37.9844,19
"2679A","PM2.5",106.1856,37.9956,37.0826224713624
"2680A","PM2.5",105.0025,37.4635,34.9210237659963
"2681A","PM2.5",105.18,37.0172,38
"2682A","PM2.5",105.1971,37.5002,38.5420004855547
"2683A","PM2.5",106.2319,36.1417,28.3456280629353
"2684A","PM2.5",106.2792,36.0022,25.9783421425809
"2685A","PM2.5",106.2375,36.0211,24.3399727823828
"2686A","PM2.5",89.1904,42.9418,45.3726468021444
"2687A","PM2.5",89.1673,42.9559,47.9201024640156
"2688A","PM2.5",93.5128,42.8172,27.3160337037489
"2689A","PM2.5",93.4961,42.8328,28.0758824252859
"2690A","PM2.5",88.1236,43.8886,10.784920855318
"2691A","PM2.5",87.2997,44.0114,113
"2692A","PM2.5",87.2717,44.0297,47.6208791208791
"2693A","PM2.5",82.0485,44.8556,20.3332521018643
"2694A","PM2.5",82.0806,44.8969,22.1810418445773
"2695A","PM2.5",80.292,41.1694,49.6525444664032
"2696A","PM2.5",80.2613,41.1551,49.9707472959685
"2697A","PM2.5",76.1454,39.7142,46.909395141299
"2698A","PM2.5",76.0072,39.4467,74.4286764705882
"2699A","PM2.5",75.9755,39.4694,82.6506765067651
"2700A","PM2.5",75.9538,39.4682,89.7280614774417
"2701A","PM2.5",79.9485,37.1152,NA
"2702A","PM2.5",79.9117,37.1013,NA
"2703A","PM2.5",81.2815,43.9404,35.5921767028628
"2704A","PM2.5",81.2996,43.9174,32.4814220466609
"2705A","PM2.5",81.3364,43.941,34.8548565800813
"2706A","PM2.5",82.9994,46.7432,12.2932368988707
"2707A","PM2.5",88.1214,47.9047,21
"2708A","PM2.5",88.1264,47.8517,9.98067076292883
"2709A","PM2.5",86.0497,44.2967,50.4968746169874
"2710A","PM2.5",86.0697,44.3075,77.7219251336898
"2711A","PM2.5",87.5475,44.1756,57.5435827888053
"2835A","PM2.5",101.7227,26.567,28.8869054896687
"2842A","PM2.5",118.0936,24.5058,21.4783298742522
"2845A","PM2.5",113.1569,36.1911,36.9683390782587
"2846A","PM2.5",113.3221,23.1322,24.2220320332559
"2858A","PM2.5",117.7918,39.2474,41.4197607006291
"2859A","PM2.5",117.3747,38.9846,42.4465270121279
"2860A","PM2.5",117.1589,39.0845,38.5065491492227
"2862A","PM2.5",114.5481,38.0378,48.8145021107524
"2865A","PM2.5",112.7195,37.6828,37.8696769456681
"2866A","PM2.5",111.0522,35.0439,NA
"2867A","PM2.5",111.1283,37.51,32.7242302543507
"2868A","PM2.5",126.4739,43.953,35.1403658536585
"2869A","PM2.5",119.447,32.4155,32.0553595327899
"2870A","PM2.5",119.4424,32.1873,36.0493147332354
"2871A","PM2.5",121.6147,29.9017,22.2485315712188
"2872A","PM2.5",120.7846,30.7525,26.2953223460979
"2873A","PM2.5",120.0875,30.8955,23.1305142578601
"2874A","PM2.5",117.0412,32.646,NA
"2875A","PM2.5",115.784,32.8892,41.5966242661448
"2876A","PM2.5",119.0841,36.7339,NA
"2877A","PM2.5",119.1641,36.6523,40.7614100185529
"2878A","PM2.5",116.0072,36.4343,48.8264493655138
"2880A","PM2.5",104.0219,30.6558,42.4589855979962
"2881A","PM2.5",107.8908,26.5311,21.0632464050695
"2882A","PM2.5",102.5389,24.3703,22.1381483276781
"2883A","PM2.5",102.5381,24.3389,21.8433646685386
"2884A","PM2.5",98.2672,39.7978,33.3599122165325
"2885A","PM2.5",104.9339,33.3826,16.4541205412054
"2894A","PM2.5",117.0566,32.6531,40.893208601628
"2897A","PM2.5",123.2444,41.7347,42.1680713326005
"2900A","PM2.5",123.5953,41.9086,32.5645797387232
"2902A","PM2.5",106.6351,30.4865,32.4162210338681
"2907A","PM2.5",120.1844,30.8596,24.9825800950177
"2914A","PM2.5",106.7677,31.8794,22.7991347342398
"2915A","PM2.5",106.7619,31.84139,72
"2916A","PM2.5",117.49,30.66,NA
"2919A","PM2.5",116.7022,39.5453,37.1208981001727
"2920A","PM2.5",117.7116,24.506,22.7628346843527
"2921A","PM2.5",120.5483,30.0003,27.7097795639995
"2922A","PM2.5",117.1941,39.1067,38.5300866593433
"2923A","PM2.5",113.2803,40.1114,NA
"2924A","PM2.5",106.2266,38.4418,30.1946859311865
"2925A","PM2.5",106.2757,38.4842,30.3909449319598
"2926A","PM2.5",106.1015,38.497,37.7257799671593
"2929A","PM2.5",114.8858,30.4519,30.8708857696031
"2994A","PM2.5",119.6533,29.1128,28.5
"2996A","PM2.5",118.283,33.965,39.8979845732769
"2997A","PM2.5",119.8767,32.3289,32.8470764617691
"2998A","PM2.5",119.3608,34.7519,NA
"2999A","PM2.5",119.1478,34.5911,NA
"3000A","PM2.5",119.3581,34.6972,32.9017077304132
"3002A","PM2.5",119.9805,31.8174,36.898243045388
"3003A","PM2.5",120.0522,31.7748,39.2238952136124
"3004A","PM2.5",120.1544,33.3663,27.5552611657835
"3005A","PM2.5",117.1814,34.29,40.990718124084
"3006A","PM2.5",117.1694,34.1781,38.6044785201412
"3007A","PM2.5",119.178,34.844,35.9740754392432
"3008A","PM2.5",119.3608,34.7519,30.5489151617513
"3009A","PM2.5",119.1478,34.5911,33.7013613861386
"3010A","PM2.5",119.9025,31.7964,37.1443324623616
"3012A","PM2.5",112.1849,31.0362,41.3090307560348
"3014A","PM2.5",106.4958,29.5346,38.0230267208472
"3015A","PM2.5",106.4037,29.5728,27.3399014778325
"3016A","PM2.5",106.5507,29.4153,33.7700868289104
"3018A","PM2.5",111.505,36.1014,56.163620753097
"3019A","PM2.5",NA,NA,NA
"3020A","PM2.5",117.2101,39.1699,39.8782035332172
"3021A","PM2.5",115,35.7668,51.0737998272245
"3022A","PM2.5",112.4433,34.6686,30.5
"3025A","PM2.5",113.0477,23.6344,25.9610510871015
"3026A","PM2.5",116.6183,23.6608,22.1507035299926
"3027A","PM2.5",104.72,29.3427,42.9359748731578
"3028A","PM2.5",104.776,29.3627,41.862932494556
"3033A","PM2.5",87.4651,43.4569,11.6338811958069
"3034A","PM2.5",113.1076,41.0385,26.3092017062767
"3035A","PM2.5",122.0931,46.0707,25.291816714268
"3036A","PM2.5",118.6904,37.4338,40.335628442664
"3038A","PM2.5",103.3758,23.368,26.1314090853733
"3039A","PM2.5",111.1911,34.7829,41.818337408313
"3045A","PM2.5",109.9643,33.8471,25.4586308790938
"3046A","PM2.5",115.9084,28.6062,30.8855008572128
"3048A","PM2.5",119.5799,26.0936,20.5713576569868
"3051A","PM2.5",117.3876,39.1488,37.1589637557772
"3054A","PM2.5",113.9194,35.2847,46.9638432364096
"3055A","PM2.5",101.7775,36.6428,34.4640089977506
"3057A","PM2.5",121.5992,37.4014,28.4084256077383
"3058A","PM2.5",119.2658,42.0353,33.0784937033867
"3059A","PM2.5",117.7161,36.2049,44.1377660244302
"3061A","PM2.5",119.7512,49.1577,16.0369654505919
"3064A","PM2.5",117.6867,36.2171,47.1696683641784
"3065A","PM2.5",101.9533,29.9972,6.48025913702481
"3066A","PM2.5",116.2721,37.4379,45.0615231952369
"3109A","PM2.5",115.0093,25.8613,21.595862764884
"3122A","PM2.5",105.9606,26.2611,23.5105417994607
"3123A","PM2.5",105.9408,26.2431,25.2129245052529
"3124A","PM2.5",105.9439,26.2564,24.5688062091906
"3125A","PM2.5",105.8983,26.2481,24.702198207049
"3128A","PM2.5",92.0506,31.4797,12.7732374826586
"3129A","PM2.5",102.0306,36.5067,36.192531779661
"3131A","PM2.5",114.879,40.7993,29.8179471419791
"3132A","PM2.5",119.610547,39.943889,34.1114630283835
"3133A","PM2.5",106.5468,29.5654,34.082705853777
"3134A","PM2.5",113.8172,34.0339,43.0315046831286
"3136A","PM2.5",104.2725,30.5589,36.4641981363413
"3137A","PM2.5",103.8578,30.0744,30.1816520467836
"3138A","PM2.5",111.7153,29.0289,38.9233125076565
"3139A","PM2.5",111.6892,28.9881,40.0926017262639
"3140A","PM2.5",111.6625,29.0531,41.5645240431796
"3141A","PM2.5",114.3922,36.0878,49.8775834658188
"3147A","PM2.5",114.3438,34.8106,49.4077226745621
"3148A","PM2.5",103.8291,30.0564,34.796096496545
"3149A","PM2.5",115.0235,30.1578,31.5959558823529
"3151A","PM2.5",114.375,27.8097,29.3547907897995
"3153A","PM2.5",114.3877,30.4908,36.0461781504436
"3164A","PM2.5",119.4686,32.3942,34.4647369066601
"3165A","PM2.5",108.6594,34.2969,48.1139318126073
"3169A","PM2.5",113.2725,35.2071,48.2524691358025
"3170A","PM2.5",102.1864,38.5253,NA
"3171A","PM2.5",115.6071,34.4465,43.7642689117246
"3173A","PM2.5",117.0598,30.5351,32.0738802336904
"3178A","PM2.5",119.0587,36.721,39.1748728761007
"3179A","PM2.5",102.7494,25.0119,23.0436121719847
"3180A","PM2.5",99.7136,27.8094,14.874984512452
"3182A","PM2.5",106.7656,31.8545,28.1898561507937
"3183A","PM2.5",106.7418,31.8654,25.778316172017
"3184A","PM2.5",126.6203,45.7219,NA
"3185A","PM2.5",112.5628,37.8964,39.4600111337911
"3186A","PM2.5",103.7158,36.1058,35.0754601974887
"3187A","PM2.5",116.9509,33.666,40.5482644425365
"3188A","PM2.5",115.6683,37.7217,44.3638141809291
"3190A","PM2.5",116.0254,29.6994,34.6285538461538
"3191A","PM2.5",118.3225,33.9447,39.0854066097289
"3192A","PM2.5",80.0903,32.5028,7.99790438768828
"3194A","PM2.5",112.2747,30.3122,36.5400946257431
"3195A","PM2.5",119.3633,32.3972,33.6302993280391
"3200A","PM2.5",115.9819,36.4978,45.8499410763389
"3201A","PM2.5",102.6486,37.9325,43.7365512159175
"3204A","PM2.5",113.3025,33.73,45.9967649620505
"3206A","PM2.5",114.9149,27.807,30.1553672316384
"3207A","PM2.5",118.3118,32.3038,33.4602168880224
"3208A","PM2.5",112.7283,38.4153,46.9279682066567
"3209A","PM2.5",119.5231,26.6562,20.7249166975194
"3210A","PM2.5",114.3644,34.7964,48.5320708613317
"3216A","PM2.5",114.6622,24.5183,24.6361530960507
"3237A","PM2.5",117.4918,30.6617,31.101532801962
"3238A","PM2.5",118.3954,31.3946,NA
"3239A","PM2.5",125.0764,42.9078,31.3976055450536
"3241A","PM2.5",103.7439,36.0842,38.6696494238784
"3242A","PM2.5",103.9611,35.998,38.3282178217822
"3245A","PM2.5",103.6633,36.533,38.2971050049068
"3246A","PM2.5",103.6975,36.4789,27.4003927826194
"3247A","PM2.5",104.955,33.371,NA
"3248A","PM2.5",98.2643,39.7724,26.5723571253373
"3265A","PM2.5",121.4316,31.3322,27.3335386131297
"3266A","PM2.5",121.8791,31.4662,22.5300313479624
"3268A","PM2.5",121.3162,31.2838,27.4097424684159
"3269A","PM2.5",121.3359,30.7456,25.7561095419379
"3270A","PM2.5",121.4996,31.0739,28.0344488188976
"3271A","PM2.5",121.2886,31.1663,28.6685462123069
"3272A","PM2.5",121.2186,31.0378,28.1490041799852
"3273A","PM2.5",121.3902,31.2059,27.6507682851875
"3274A","PM2.5",121.7965,31.0507,24.3102681329544
"3281A","PM2.5",115.9718,40.4529,31.6326827494242
"3282A","PM2.5",113.3397,40.0597,29.0628907686649
"3283A","PM2.5",109.9154,40.5685,33.3007912355447
"3284A","PM2.5",106.813,39.7274,32.3054193231976
"3285A","PM2.5",113.1376,40.9509,25.0587421383648
"3286A","PM2.5",118.9359,42.3147,22.4872860635697
"3287A","PM2.5",119.3842,32.1976,NA
"3288A","PM2.5",117.4754,34.4422,42.8837152309766
"3289A","PM2.5",120.743,31.3188,71.8928571428571
"3290A","PM2.5",120.5031,31.2774,25.3254763067904
"3291A","PM2.5",121.067,32.062,26.8094123444622
"3293A","PM2.5",120.1501,33.3367,26.9107456690936
"3294A","PM2.5",119.5653,32.4222,32.2759297901068
"3295A","PM2.5",120.1259,32.5099,30.6321580395099
"3298A","PM2.5",113.5717,23.5491,25.009156391161
"3299A","PM2.5",113.3472,23.3692,26.0849538162372
"3300A","PM2.5",113.2981,23.237,26.3414485696896
"3301A","PM2.5",113.4256,23.1716,22.8867510959571
"3302A","PM2.5",113.3942,23.0483,23.0861900097943
"3303A","PM2.5",113.4922,22.8168,23.5704216794264
"3304A","PM2.5",113.5342,22.7896,22.0390810338369
"3305A","PM2.5",114.0731,22.559,17.9855143031041
"3306A","PM2.5",114.0261,22.6198,19.1645181092695
"3307A","PM2.5",114.1871,22.6451,18.9165540125353
"3308A","PM2.5",113.3494,22.0569,19.5738650306748
"3311A","PM2.5",113.1075,22.5647,26.2618466047875
"3313A","PM2.5",112.4575,23.0166,23.4727361842911
"3314A","PM2.5",114.4338,22.8134,17.8134416350059
"3315A","PM2.5",116.1233,24.2991,12.9091597274792
"3317A","PM2.5",111.9765,21.8947,17.76052141527
"3318A","PM2.5",112.9903,23.7403,21.3113809173412
"3319A","PM2.5",113.7338,23.0381,21.3578960274644
"3320A","PM2.5",116.403,23.5699,25.6002937216987
"3323A","PM2.5",115.2773,40.9724,19.1577989358723
"3324A","PM2.5",116.8136,38.3004,39.278943470748
"3325A","PM2.5",117.0365,39.3828,43.0738446289184
"3326A","PM2.5",117.0296,39.0605,43.5536153467782
"3327A","PM2.5",116.9638,38.9375,46.3063476320357
"3328A","PM2.5",118.4209,31.3707,33.2111671381134
"3329A","PM2.5",117.0108,32.5893,41.3554906257609
"3330A","PM2.5",116.8873,33.9836,42.2576477757465
"3331A","PM2.5",118.3267,32.2634,34.9151174168297
"3332A","PM2.5",115.7633,33.8034,39.5032744346966
"3333A","PM2.5",117.5627,30.695,29.1555555555556
"3334A","PM2.5",117.5038,30.6243,30.6220768205501
"3335A","PM2.5",113.3137,35.2641,46.052546983185
"3336A","PM2.5",113.2465,35.2373,48.838249754179
"3337A","PM2.5",113.8614,34.0442,43.8567415730337
"3338A","PM2.5",113.843,34.0823,45.8637869677261
"3339A","PM2.5",114.0012,33.0412,NA
"3340A","PM2.5",112.6005,34.6326,46.6179512435361
"3341A","PM2.5",112.4951,34.6332,45.5068076829565
"3342A","PM2.5",128.4741,47.4346,24.8469550300208
"3343A","PM2.5",128.6871,47.7369,25.4464154636653
"3344A","PM2.5",128.8431,47.8474,20.4722664381046
"3345A","PM2.5",131.0577,45.7879,22.6671132764921
"3346A","PM2.5",108.3872,31.1628,19.4366338286859
"3347A","PM2.5",105.9017,29.3569,34.6523273399429
"3348A","PM2.5",105.839,30.1946,26.515520694259
"3349A","PM2.5",107.7983,30.6758,31.0827721317497
"3350A","PM2.5",106.6479,29.0244,36.8376528117359
"3351A","PM2.5",105.7167,29.7076,27.1276489237444
"3352A","PM2.5",107.0732,29.8617,32.0942241801273
"3353A","PM2.5",107.3535,29.7287,29.7349417637271
"3354A","PM2.5",108.815,29.5081,28.4034656507312
"3355A","PM2.5",108.3679,30.8426,37.8017686072218
"3356A","PM2.5",108.4319,30.7555,31.0421836228288
"3357A","PM2.5",104.0106,30.6931,37.474944182585
"3358A","PM2.5",103.8458,30.6994,39.6502481389578
"3359A","PM2.5",104.0578,30.5225,38.9031468103343
"3360A","PM2.5",104.7894,29.3194,45.5050785973398
"3361A","PM2.5",103.7311,29.5628,37.3838880019649
"3362A","PM2.5",120.5014,36.4034,31.7399804496579
"3363A","PM2.5",117.9883,36.8372,43.2910338069574
"3364A","PM2.5",117.3152,34.8103,46.8681359271115
"3365A","PM2.5",118.5719,37.565,36.8991222490777
"3366A","PM2.5",121.5206,37.4336,28.8420574100533
"3368A","PM2.5",119.1977,36.6872,41.6827111984283
"3369A","PM2.5",118.3977,35.0278,42.1164392634786
"3370A","PM2.5",118.3564,35.0215,45.6493409599602
"3371A","PM2.5",116.3728,37.4403,47.4706315144083
"3372A","PM2.5",116.3572,37.4094,48.2295905551369
"3374A","PM2.5",115.5564,35.0891,47.9143441575045
"3375A","PM2.5",102.8017,24.8336,22.1512027491409
"3376A","PM2.5",103.7947,25.462,22.9153723859606
"3377A","PM2.5",103.7444,25.5261,27.0116321782784
"3378A","PM2.5",122.371,40.6771,43.2902873772281
"3379A","PM2.5",122.1139,40.2278,35.8320881812615
"3380A","PM2.5",102.8914,34.9617,12.0103988255444
"3396A","PM2.5",112.0828,32.0067,41.1393871449925
"3397A","PM2.5",112.1214,32.1008,47.8157317073171
"3398A","PM2.5",114.9136,30.4445,28.2148599269184
"3399A","PM2.5",112.6703,26.882,38.3775774787011
"3400A","PM2.5",109.1911,21.4415,24.6341972730623
"3401A","PM2.5",108.4834,22.7618,26.4129643117261
"3402A","PM2.5",109.5422,24.3996,28.1734907168327
"3403A","PM2.5",110.1764,25.2381,27.8596326585333
"3404A","PM2.5",108.5959,21.9633,28.6229266494655
"3405A","PM2.5",109.5886,23.1172,25.4573963777805
"3406A","PM2.5",106.6085,23.8798,30.1030175612169
"3407A","PM2.5",120.6916,30.7739,26.8640254340915
"3408A","PM2.5",120.5683,29.9361,26.698886577756
"3409A","PM2.5",120.4906,30.0861,26.9691934505761
"3410A","PM2.5",120.8752,30.0249,24.6024140453548
"3411A","PM2.5",120.8369,30.0137,23.578518428415
"3413A","PM2.5",118.1953,28.4401,27.4477264370634
"3414A","PM2.5",115.8347,28.932,32.6280848963475
"3415A","PM2.5",114.4519,28.0828,NA
"3416A","PM2.5",119.1755,36.7149,36.8020820423844
"3417A","PM2.5",117.0709,40.1465,34.9593890168505
"3418A","PM2.5",116.8336,40.4095,32.0452176021336
"3419A","PM2.5",109.9447,40.6261,34.294532199271
"3421A","PM2.5",113.1775,40.9779,22.9475572047001
"3422A","PM2.5",118.8436,31.9198,30.8969787023279
"3423A","PM2.5",119.0138,31.6494,32.7240407012382
"3424A","PM2.5",118.879,31.3302,33.1955719557196
"3425A","PM2.5",120.624,31.1733,27.6499754540992
"3426A","PM2.5",118.8755,33.2894,34.3237143914169
"3427A","PM2.5",118.8554,32.3578,28.6141809290954
"3428A","PM2.5",120.3142,31.4753,30.0900923076923
"3429A","PM2.5",119.8598,31.7066,33.5003670173722
"3430A","PM2.5",119.5826,31.7245,32.4473236009732
"3431A","PM2.5",120.6505,31.416,28.1304454534299
"3432A","PM2.5",120.9348,31.9883,29.7871349446123
"3434A","PM2.5",119.2413,34.6539,31.6166686974534
"3435A","PM2.5",119.9192,32.4322,33.2770096659733
"3436A","PM2.5",120.4279,33.205,30.4104727467524
"3437A","PM2.5",88.3118,43.3658,25.8077456793238
"3438A","PM2.5",87.6162,43.8801,42.3863774826368
"3439A","PM2.5",87.7024,43.8004,37.2461136674543
"3440A","PM2.5",87.4921,43.8411,45.5366829146357
"3441A","PM2.5",87.546,44.1912,56.1156488072936
"3442A","PM2.5",86.047,44.2331,NA
"3443A","PM2.5",113.2902,23.5544,21.8980570585342
"3444A","PM2.5",116.454,23.2684,21.3112781954887
"3445A","PM2.5",113.7858,23.7478,16.8277289836888
"3446A","PM2.5",113.8051,23.2614,21.3171355498721
"3447A","PM2.5",114.3551,22.7151,18.903186424124
"3448A","PM2.5",113.5433,22.1163,20.2298569507275
"3449A","PM2.5",113.05,22.4667,22.5011166253102
"3450A","PM2.5",111.01,21.5165,18.348437903434
"3451A","PM2.5",112.5617,23.2083,20.1033484390735
"3452A","PM2.5",114.6517,22.775,16.8127809500668
"3453A","PM2.5",112.0125,21.8749,23.2838607978659
"3454A","PM2.5",113.3528,22.478,19.1141722193747
"3455A","PM2.5",113.076,23.7198,22.4376070467335
"3456A","PM2.5",114.289,38.0906,46.6273372018053
"3457A","PM2.5",118.4359,39.2762,34.1940003592599
"3458A","PM2.5",114.7895,36.5593,48.8439392067219
"3459A","PM2.5",115.5989,37.5491,41.432822811605
"3460A","PM2.5",117.4067,40.0583,38.3379035273588
"3461A","PM2.5",117.3045,39.7169,44.1843233312921
"3462A","PM2.5",117.8199,39.3521,40.6114117068372
"3463A","PM2.5",116.9708,33.591,40.0986311415302
"3464A","PM2.5",117.3803,31.9147,31.98614177091
"3465A","PM2.5",118.4781,31.3225,32.5886880039091
"3466A","PM2.5",118.2746,31.2326,30.8530135301353
"3468A","PM2.5",115.7901,32.8613,44.2402968730989
"3469A","PM2.5",115.836,32.9183,43.6862988220707
"3470A","PM2.5",118.7724,30.9141,28.9840842311459
"3471A","PM2.5",113.616563,34.86783,44.7756940160395
"3473A","PM2.5",114.2485,34.8306,46.2032871972318
"3474A","PM2.5",114.2617,35.6822,49.4737686705345
"3475A","PM2.5",113.9188,35.3045,NA
"3476A","PM2.5",113.9135,35.3327,55.6336215177714
"3477A","PM2.5",113.1656,35.2539,45.7080586080586
"3478A","PM2.5",113.9749,33.5664,49.2266483516484
"3479A","PM2.5",114.0967,33.5906,52.154282115869
"3480A","PM2.5",129.1368,47.6417,23.0451803520867
"3481A","PM2.5",125.141,46.634,25.5888793209497
"3482A","PM2.5",107.7541,29.3277,28.2690753214942
"3483A","PM2.5",108.7661,29.5368,25.8574780783006
"3484A","PM2.5",106.2628,29.32,33.6330085261876
"3485A","PM2.5",107.0944,29.1608,29.289246598075
"3486A","PM2.5",124.4036,43.1411,29.9872398414272
"3487A","PM2.5",104.2394,30.5319,34.5676369863014
"3488A","PM2.5",104.3853,30.7453,32.7865045592705
"3489A","PM2.5",104.0789,30.4072,37.9270108629318
"3490A","PM2.5",105.3617,28.7703,43.4191691691692
"3491A","PM2.5",104.69,31.5322,33.4273068994786
"3492A","PM2.5",104.5648,31.5343,35.8269704433498
"3494A","PM2.5",117.1673,36.9782,43.2943814625638
"3495A","PM2.5",117.1171,36.63,34.8124094322224
"3496A","PM2.5",118.3604,35.1084,44.9908325074331
"3498A","PM2.5",118.5055,37.8612,36.8701282530196
"3500A","PM2.5",116.5814,35.3707,NA
"3501A","PM2.5",116.8249,35.5593,49.0425688073394
"3502A","PM2.5",117.1812,36.2275,35.0531975099038
"3503A","PM2.5",117.0313,36.2018,38.7296064633829
"3504A","PM2.5",117.0829,36.13,44.2634339815763
"3505A","PM2.5",122.1379,37.3414,23.5824094604582
"3507A","PM2.5",119.5328,35.4625,30.5590101522843
"3511A","PM2.5",116.5652,37.3319,45.8427825200663
"3512A","PM2.5",116.049,36.4674,49.1464440479225
"3513A","PM2.5",116.0445,36.4361,48.7321405419422
"3514A","PM2.5",117.9378,37.3956,41.9669442664958
"3515A","PM2.5",117.9378,37.3553,45.3366074801662
"3516A","PM2.5",118.0917,37.694,41.0386588264732
"3520A","PM2.5",106.3495,38.9836,40.3985892835045
"3521A","PM2.5",106.7492,39.2069,35.757639304973
"3522A","PM2.5",106.2177,35.9959,23.6447416860965
"3523A","PM2.5",106.5105,38.3856,30.3352586639879
"3524A","PM2.5",108.6116,34.1164,46.3060822457523
"3525A","PM2.5",108.6396,34.4078,45.7039653035936
"3526A","PM2.5",119.5189,25.9664,20.0739522417154
"3527A","PM2.5",118.0958,24.5688,20.1906686260103
"3528A","PM2.5",118.1493,24.7245,19.6164416879484
"3529A","PM2.5",118.6333,24.9264,20.5838022999755
"3530A","PM2.5",117.6296,24.5314,24.0112113087984
"3531A","PM2.5",110.296,25.1253,27.8764352818372
"3532A","PM2.5",110.1945,22.6831,27.5785888077859
"3533A","PM2.5",110.0527,22.5893,31.1420765027322
"3534A","PM2.5",111.4744,24.4553,30.1721218248452
"3535A","PM2.5",109.1781,23.7297,32.6929705773729
"3536A","PM2.5",106.8547,27.5919,28.9218921892189
"3537A","PM2.5",105.3631,27.3533,23.1411422335395
"3538A","PM2.5",107.5175,26.2978,19.2872382457527
"3539A","PM2.5",110.5111,19.9736,14.8582543155847
"3540A","PM2.5",109.7348,18.3443,11.7471334471822
"3541A","PM2.5",109.5726,19.5167,14.8264784619129
"3542A","PM2.5",109.5567,19.5187,15.1998295177789
"3543A","PM2.5",112.3466,16.8396,10
"3544A","PM2.5",121.4891,30.925,25.2326530612245
"3545A","PM2.5",110.8054,32.8401,44.0230946882217
"3546A","PM2.5",111.4606,30.552,37.3043801039347
"3547A","PM2.5",112.1632,31.0138,36.9192018721517
"3548A","PM2.5",112.1655,30.3364,NA
"3549A","PM2.5",109.5061,30.3772,22.9049420378279
"3550A","PM2.5",102.7997,24.9786,24.889753251489
"3551A","PM2.5",102.5967,24.6736,23.9193588469185
"3552A","PM2.5",102.6678,24.9856,22.6575075987842
"3557A","PM2.5",119.9464,30.0494,29.7035371338276
"3558A","PM2.5",119.7183,30.2367,29.6970581084367
"3560A","PM2.5",120.4722,30.0415,31.6410537870472
"3561A","PM2.5",120.6985,27.9251,25.3755751772168
"3562A","PM2.5",120.4148,30.8538,NA
"3564A","PM2.5",121.2568,28.6681,21.8890801770782
"3565A","PM2.5",113.1367,40.1122,36.2543859649123
"3566A","PM2.5",113.1186,40.2556,35.3360313646136
"3567A","PM2.5",113.5931,40.0461,32.9175167952227
"3568A","PM2.5",113.06,36.0464,NA
"3569A","PM2.5",112.8792,36.3144,NA
"3570A","PM2.5",113.235,36.3489,50.2228234136744
"3571A","PM2.5",112.2931,39.53,33.1329059302182
"3572A","PM2.5",114.6419615,37.9001925,45.716496791242
"3573A","PM2.5",114.8506765,38.0322033,48.2074110917682
"3574A","PM2.5",114.0504658,38.0591645,41.8146909451257
"3575A","PM2.5",118.09279,39.58089,38.4696426363299
"3576A","PM2.5",118.1562,39.8322,53.654702970297
"3577A","PM2.5",118.43673,39.73809,43.6420696567276
"3578A","PM2.5",118.24498,39.66941,48.8106643136266
"3579A","PM2.5",114.50634,36.77178,49.9916333666334
"3580A","PM2.5",114.20016,36.44293,45.4087281795511
"3581A","PM2.5",115.31981,38.95208,41.0751674522451
"3582A","PM2.5",115.47694,38.76408,50.0989038679602
"3583A","PM2.5",115.62909,39.02311,50.2623477446125
"3584A","PM2.5",115.8844,39.0341,45.0757687576876
"3585A","PM2.5",115.8665,39.0645,48.6240276577355
"3586A","PM2.5",115.923,38.9405,48.2460874922982
"3587A","PM2.5",115.9324,38.9338,42.7475520964097
"3588A","PM2.5",116.0901,38.9816,45.1728995263027
"3589A","PM2.5",116.1105,39.0046,45.8868156150258
"3590A","PM2.5",113.8374,34.5589,44.5773575638507
"3591A","PM2.5",113.30952,34.803229,47.3923256671996
"3592A","PM2.5",114.4644,34.7556,52.1799773613382
"3593A","PM2.5",112.5736,34.8993,41.9172857850421
"3594A","PM2.5",112.8867,33.9116,37.375159642401
"3596A","PM2.5",114.1572,35.9603,53.3425
"3597A","PM2.5",113.8134,34.1251,47.9322305888162
"3598A","PM2.5",111.1,34.7167,46.5136639050328
"3599A","PM2.5",106.2649,29.9851,36.2921535893155
"3600A","PM2.5",106.2339,29.5559,37.0248927038627
"3601A","PM2.5",106.0499,29.8342,33.3594576719577
"3604A","PM2.5",119.3266,35.1044,35.9586155930533
"3605A","PM2.5",109.09,34.5236,48.4455226630635
"3606A","PM2.5",108.7108,34.46,39.0373307307552
"3607A","PM2.5",108.7096,34.2956,44.8510297200641
"3608A","PM2.5",108.8558,34.4978,47.7718631178707
"3610A","PM2.5",105.5933,29.4105,38.0691862612335
"3612A","PM2.5",85.1045,45.6899,22.2741383524811
"3613A","PM2.5",87.3095,44.0142,52.4244567963618
"3614A","PM2.5",79.924,37.0877,94.939096514408
"3615A","PM2.5",79.9131,37.113,95.4362114207172
"3616A","PM2.5",106.7616,31.8344,28.1711446448289
"3617A","PM2.5",105.8047,32.4166,27.5511868533171
"3618A","PM2.5",112.4701,37.782,49.862344691844
"3619A","PM2.5",113.617,37.8571,48.1074440777411
"3620A","PM2.5",112.8271,35.4828,36.0842431761787
"3621A","PM2.5",106.8288,39.6778,36.2372652510126
"3622A","PM2.5",113.5556,24.8082,23.4919325488293
"3623A","PM2.5",113.8953,22.5861,18.9418344519016
"3624A","PM2.5",116.4069,23.2533,23.5176773876749
"3625A","PM2.5",113.2544,22.7642,22.1030453697949
"3626A","PM2.5",113.7533,23.0202,21.1350159274688
"3627A","PM2.5",113.7875,23.0457,21.3243809289146
"3628A","PM2.5",112.0336,22.9374,23.7154939936259
"3629A","PM2.5",101.8305,36.5786,33.8603956700261
"3630A","PM2.5",101.7413,36.6397,37.7170339705345
"3631A","PM2.5",114.6063,38.0266,NA
"3633A","PM2.5",118.4918,31.6809,33.9024064171123
"3634A","PM2.5",116.9884,33.6305,42.5812904012684
"3635A","PM2.5",112.3677,34.662,49.2194240119686
"3636A","PM2.5",112.4388,34.6781,44.8270935960591
"3637A","PM2.5",131.0176,45.7761,32.6148607564149
"3638A","PM2.5",104.7636,29.3338,40.3605844704746
"3639A","PM2.5",104.4019,31.1244,36.8022537259179
"3642A","PM2.5",120.3503,36.0736,30.3166916916917
"3643A","PM2.5",120.3948,36.1805,35.783577495999
"3644A","PM2.5",117.8661,36.805,49.0447651663405
"3645A","PM2.5",118.0253,36.8406,47.4188507444321
"3646A","PM2.5",118.4978,37.4623,41.0842418235877
"3647A","PM2.5",115.4702,35.2706,49.9757763975155
"3648A","PM2.5",106.2112,37.9768,39.4812168986328
"3650A","PM2.5",105.1698,37.5162,42.4086603518268
"3651A","PM2.5",108.9543,34.8732,36.7305367057372
"3652A","PM2.5",109.4809,36.5786,33.8627125143807
"3653A","PM2.5",111.3119,30.7273,35.9847467968273
"3654A","PM2.5",114.8094,30.4089,35.3762861342479
"3655A","PM2.5",114.3375,29.8683,32.5748328267477
"3656A","PM2.5",120.1556,30.2864,29.7879854368932
"3658A","PM2.5",120.6153,30.0764,26.873361910594
"3659A","PM2.5",119.656,29.1131,23.2954292084727
"3661A","PM2.5",112.5667,37.8875,69.4774631033107
"3662A","PM2.5",123.6333,47.2075,18.8966360856269
"3663A","PM2.5",124.1164,50.4278,16.9230295566502
"3664A","PM2.5",119.4172,34.7341,30.6233101936427
"3665A","PM2.5",76.1658,39.7157,42.3835917470394
"3667A","PM2.5",111.0283,35.0547,49.4863602850823
"3668A","PM2.5",111.5036,36.0414,54.365206662554
"3669A","PM2.5",114.4705,36.0637,52.9616886285993
"3670A","PM2.5",111.0522,35.0439,51.3251225336182
"3671A","PM2.5",116.088,39.9726,33.9546827794562
"3672A","PM2.5",116.1541,39.8204,34.3650812909488
"3673A","PM2.5",116.6804,39.9081,37.5599562629085
"3674A","PM2.5",115.9577,39.7603,34.3010700389105
"3675A","PM2.5",116.4672,39.7733,36.4325435203095
"3676A","PM2.5",113.2802,40.0995,31.1011070110701
"3677A","PM2.5",98.5881,24.4368,29.7163066818239
"3678A","PM2.5",116.5907,35.4054,49.5603480422623
"3682A","PM2.5",116.9814,36.6819,48.8291394061399
"3683A","PM2.5",109.8331,40.6576,42.2932228543161
"3684A","PM2.5",130.8781,45.8222,31.0108001963672
"3685A","PM2.5",117.897,28.4315,29.8566005388195
"3689A","PM2.5",113.9003,35.372,54.0033438237608
"3690A","PM2.5",115.9721,28.7031,29.0783787083384
"3692A","PM2.5",118.2059,39.6585,47.593136320305
"3693A","PM2.5",118.1436,39.6202,45.8503512293026
"3694A","PM2.5",115.986,40.4563,30.2870639534884
"3695A","PM2.5",116.6151,40.3053,31.6898512156768
"3696A","PM2.5",116.2545,39.8768,38.343913413596
"3697A","PM2.5",116.84,40.3844,32.9411195744166
"3698A","PM2.5",111.5968,40.8178,35.6100677143222
"3699A","PM2.5",111.6518,40.8389,30.0406382448267
"3700A","PM2.5",103.0456,29.9956,27.4551129978774
"3701A","PM2.5",116.9648,33.6252,40.3975947969076
"3703A","PM2.5",114.2917,36.0949,54.4714111922141
"3706A","PM2.5",122.2584,43.6333,27.3664695737866
"3707A","PM2.5",131.0207,45.3073,34.2171377867917
"3708A","PM2.5",122.2922,43.6189,31.5767441860465
"3709A","PM2.5",130.9967,45.3106,29.6757534075278
"3710A","PM2.5",121.5594,29.8975,18.9161313780148
"3713A","PM2.5",124.3419,43.1666,29.6686419753086
"3715A","PM2.5",117.3092,32.9314,42.4627756792982
"3719A","PM2.5",97.1714,31.1406,7.61941964285714
"3726A","PM2.5",88.8781,29.2426,7.21155384861578
"3728A","PM2.5",104.68,28.8071,43.6179747765397
"3734A","PM2.5",118.35,37.26,38.4886348876477
